Intermediates,CO2_Fall_Off_Intermediate
CSCCC(=O)C(O)(CCSC)C(=O)O,CSCCC(=O)C(O)CCSC
CSCCC(=O)C(O)(Cc1ccc(O)cc1)C(=O)O;CSCCC(O)(C(=O)O)C(=O)Cc1ccc(O)cc1,CSCCC(O)C(=O)Cc1ccc(O)cc1;CSCCC(=O)C(O)Cc1ccc(O)cc1
CCCCCCC(O)(C(=O)O)C(=O)CCSC;CCCCCCC(=O)C(O)(CCSC)C(=O)O,CCCCCCC(=O)C(O)CCSC;CCCCCCC(O)C(=O)CCSC
CSCCC(=O)C(O)(Cc1cnc[nH]1)C(=O)O;CSCCC(O)(C(=O)O)C(=O)Cc1cnc[nH]1,CSCCC(O)C(=O)Cc1cnc[nH]1;CSCCC(=O)C(O)Cc1cnc[nH]1
CSCCC(=O)C(O)(CCCC(=O)O)C(=O)O;CSCCC(O)(C(=O)O)C(=O)CCCC(=O)O,CSCCC(=O)C(O)CCCC(=O)O;CSCCC(O)C(=O)CCCC(=O)O
CSCCC(=O)C(O)(C(=O)O)C(C)(C)C;CSCCC(O)(C(=O)O)C(=O)C(C)(C)C,CSCCC(=O)C(O)C(C)(C)C;CSCCC(O)C(=O)C(C)(C)C
CSCCC(O)(C(=O)O)C(=O)C(F)(F)F;CSCCC(=O)C(O)(C(=O)O)C(F)(F)F,CSCCC(=O)C(O)C(F)(F)F;CSCCC(O)C(=O)C(F)(F)F
CSCCC(O)(C(=O)O)C(=O)c1c(C)cc(C)cc1C;CSCCC(=O)C(O)(C(=O)O)c1c(C)cc(C)cc1C,CSCCC(O)C(=O)c1c(C)cc(C)cc1C;CSCCC(=O)C(O)c1c(C)cc(C)cc1C
CCC(C)C(O)(C(=O)O)C(=O)CCSC;CCC(C)C(=O)C(O)(CCSC)C(=O)O,CCC(C)C(=O)C(O)CCSC;CCC(C)C(O)C(=O)CCSC
CCC(O)(C(=O)O)C(=O)CCSC;CCC(=O)C(O)(CCSC)C(=O)O,CCC(O)C(=O)CCSC;CCC(=O)C(O)CCSC
CSCCC(O)(C(=O)O)C(=O)CBr;CSCCC(=O)C(O)(CBr)C(=O)O,CSCCC(=O)C(O)CBr;CSCCC(O)C(=O)CBr
CSCCC(O)(C(=O)O)C(=O)Cc1ccccc1;CSCCC(=O)C(O)(Cc1ccccc1)C(=O)O,CSCCC(=O)C(O)Cc1ccccc1;CSCCC(O)C(=O)Cc1ccccc1
CCCC(O)(C(=O)O)C(=O)CCSC;CCCC(=O)C(O)(CCSC)C(=O)O,CCCC(=O)C(O)CCSC;CCCC(O)C(=O)CCSC
CSCCC(=O)C(O)(CC(C)C)C(=O)O;CSCCC(O)(C(=O)O)C(=O)CC(C)C,CSCCC(O)C(=O)CC(C)C;CSCCC(=O)C(O)CC(C)C
CSCCC(O)(C(=O)O)C(=O)CCC(=O)O;CSCCC(=O)C(O)(CCC(=O)O)C(=O)O,CSCCC(=O)C(O)CCC(=O)O;CSCCC(O)C(=O)CCC(=O)O
CSCCC(=O)C(C)(O)C(=O)O;CSCCC(O)(C(C)=O)C(=O)O,CSCCC(=O)C(C)O;CSCCC(O)C(C)=O
CSCCC(=O)C(O)(CCCCCC(=O)O)C(=O)O;CSCCC(O)(C(=O)O)C(=O)CCCCCC(=O)O,CSCCC(O)C(=O)CCCCCC(=O)O;CSCCC(=O)C(O)CCCCCC(=O)O
CSCCC(O)(C(=O)O)C(=O)CC(O)CO;CSCCC(=O)C(O)(CC(O)CO)C(=O)O,CSCCC(=O)C(O)CC(O)CO;CSCCC(O)C(=O)CC(O)CO
CSCCC(=O)C(O)(C(=O)O)c1ccccc1;CSCCC(O)(C(=O)O)C(=O)c1ccccc1,CSCCC(O)C(=O)c1ccccc1;CSCCC(=O)C(O)c1ccccc1
CSCCC(O)(C(=O)O)C(=O)c1c[nH]c2ccccc12;CSCCC(=O)C(O)(C(=O)O)c1c[nH]c2ccccc12,CSCCC(=O)C(O)c1c[nH]c2ccccc12;CSCCC(O)C(=O)c1c[nH]c2ccccc12
CSCCC(O)(C(=O)O)C(=O)CC(=O)O;CSCCC(=O)C(O)(CC(=O)O)C(=O)O,CSCCC(=O)C(O)CC(=O)O;CSCCC(O)C(=O)CC(=O)O
CSCCC(O)(C(=O)O)C(=O)CO;CSCCC(=O)C(O)(CO)C(=O)O,CSCCC(=O)C(O)CO;CSCCC(O)C(=O)CO
CSCCC(O)(C(=O)O)C(=O)CS;CSCCC(=O)C(O)(CS)C(=O)O,CSCCC(O)C(=O)CS;CSCCC(=O)C(O)CS
CSCCC(=O)C(O)(C(=O)O)c1cn(C2OCC(OC(C)=O)C(OC(C)=O)C2OC(C)=O)c2ccccc12;CSCCC(O)(C(=O)O)C(=O)c1cn(C2OCC(OC(C)=O)C(OC(C)=O)C2OC(C)=O)c2ccccc12,CSCCC(=O)C(O)c1cn(C2OCC(OC(C)=O)C(OC(C)=O)C2OC(C)=O)c2ccccc12;CSCCC(O)C(=O)c1cn(C2OCC(OC(C)=O)C(OC(C)=O)C2OC(C)=O)c2ccccc12
CSCCC(=O)C(O)(CCc1cccs1)C(=O)O;CSCCC(O)(C(=O)O)C(=O)CCc1cccs1,CSCCC(=O)C(O)CCc1cccs1;CSCCC(O)C(=O)CCc1cccs1
CSCCC(=O)C(O)(Cc1ccc2ccccc2n1)C(=O)O;CSCCC(O)(C(=O)O)C(=O)Cc1ccc2ccccc2n1,CSCCC(=O)C(O)Cc1ccc2ccccc2n1;CSCCC(O)C(=O)Cc1ccc2ccccc2n1
CSCCC(O)(C(=O)O)C(=O)N(O)C(C)C;CSCCC(=O)C(O)(C(=O)O)N(O)C(C)C,CSCCC(=O)C(O)N(O)C(C)C;CSCCC(O)C(=O)N(O)C(C)C
CCOC(=O)c1csc(C(C#N)C(O)(C(=O)O)C(=O)CCSC)n1;CCOC(=O)c1csc(C(C#N)C(=O)C(O)(CCSC)C(=O)O)n1,CCOC(=O)c1csc(C(C#N)C(O)C(=O)CCSC)n1;CCOC(=O)c1csc(C(C#N)C(=O)C(O)CCSC)n1
CSCCC(O)(C(=O)O)C(=O)NC1(c2ccc(Cl)s2)CCCCC1;CSCCC(=O)C(O)(NC1(c2ccc(Cl)s2)CCCCC1)C(=O)O,CSCCC(=O)C(O)NC1(c2ccc(Cl)s2)CCCCC1;CSCCC(O)C(=O)NC1(c2ccc(Cl)s2)CCCCC1
CSCCC(=O)C(O)(Nc1sc2c(c1C(=O)O)CCCC2)C(=O)O;CSCCC(O)(C(=O)O)C(=O)Nc1sc2c(c1C(=O)O)CCCC2,CSCCC(=O)C(O)Nc1sc2c(c1C(=O)O)CCCC2;CSCCC(O)C(=O)Nc1sc2c(c1C(=O)O)CCCC2
O=C(O)C(O)(Cc1ccc(O)cc1)C(=O)Cc1ccc(O)cc1,O=C(Cc1ccc(O)cc1)C(O)Cc1ccc(O)cc1
CCCCCCC(O)(C(=O)O)C(=O)Cc1ccc(O)cc1;CCCCCCC(=O)C(O)(Cc1ccc(O)cc1)C(=O)O,CCCCCCC(=O)C(O)Cc1ccc(O)cc1;CCCCCCC(O)C(=O)Cc1ccc(O)cc1
O=C(O)C(O)(Cc1ccc(O)cc1)C(=O)Cc1cnc[nH]1;O=C(O)C(O)(Cc1cnc[nH]1)C(=O)Cc1ccc(O)cc1,O=C(Cc1cnc[nH]1)C(O)Cc1ccc(O)cc1;O=C(Cc1ccc(O)cc1)C(O)Cc1cnc[nH]1
O=C(O)CCCC(=O)C(O)(Cc1ccc(O)cc1)C(=O)O;O=C(O)CCCC(O)(C(=O)O)C(=O)Cc1ccc(O)cc1,O=C(O)CCCC(=O)C(O)Cc1ccc(O)cc1;O=C(O)CCCC(O)C(=O)Cc1ccc(O)cc1
CC(C)(C)C(O)(C(=O)O)C(=O)Cc1ccc(O)cc1;CC(C)(C)C(=O)C(O)(Cc1ccc(O)cc1)C(=O)O,CC(C)(C)C(O)C(=O)Cc1ccc(O)cc1;CC(C)(C)C(=O)C(O)Cc1ccc(O)cc1
O=C(O)C(O)(Cc1ccc(O)cc1)C(=O)C(F)(F)F;O=C(O)C(O)(C(=O)Cc1ccc(O)cc1)C(F)(F)F,O=C(Cc1ccc(O)cc1)C(O)C(F)(F)F;O=C(C(O)Cc1ccc(O)cc1)C(F)(F)F
Cc1cc(C)c(C(O)(C(=O)O)C(=O)Cc2ccc(O)cc2)c(C)c1;Cc1cc(C)c(C(=O)C(O)(Cc2ccc(O)cc2)C(=O)O)c(C)c1,Cc1cc(C)c(C(=O)C(O)Cc2ccc(O)cc2)c(C)c1;Cc1cc(C)c(C(O)C(=O)Cc2ccc(O)cc2)c(C)c1
CCC(C)C(=O)C(O)(Cc1ccc(O)cc1)C(=O)O;CCC(C)C(O)(C(=O)O)C(=O)Cc1ccc(O)cc1,CCC(C)C(=O)C(O)Cc1ccc(O)cc1;CCC(C)C(O)C(=O)Cc1ccc(O)cc1
CCC(=O)C(O)(Cc1ccc(O)cc1)C(=O)O;CCC(O)(C(=O)O)C(=O)Cc1ccc(O)cc1,CCC(=O)C(O)Cc1ccc(O)cc1;CCC(O)C(=O)Cc1ccc(O)cc1
O=C(O)C(O)(CBr)C(=O)Cc1ccc(O)cc1;O=C(O)C(O)(Cc1ccc(O)cc1)C(=O)CBr,O=C(Cc1ccc(O)cc1)C(O)CBr;O=C(CBr)C(O)Cc1ccc(O)cc1
O=C(O)C(O)(Cc1ccccc1)C(=O)Cc1ccc(O)cc1;O=C(O)C(O)(Cc1ccc(O)cc1)C(=O)Cc1ccccc1,O=C(Cc1ccccc1)C(O)Cc1ccc(O)cc1;O=C(Cc1ccc(O)cc1)C(O)Cc1ccccc1
CCCC(O)(C(=O)O)C(=O)Cc1ccc(O)cc1;CCCC(=O)C(O)(Cc1ccc(O)cc1)C(=O)O,CCCC(O)C(=O)Cc1ccc(O)cc1;CCCC(=O)C(O)Cc1ccc(O)cc1
CC(C)CC(O)(C(=O)O)C(=O)Cc1ccc(O)cc1;CC(C)CC(=O)C(O)(Cc1ccc(O)cc1)C(=O)O,CC(C)CC(=O)C(O)Cc1ccc(O)cc1;CC(C)CC(O)C(=O)Cc1ccc(O)cc1
O=C(O)CCC(O)(C(=O)O)C(=O)Cc1ccc(O)cc1;O=C(O)CCC(=O)C(O)(Cc1ccc(O)cc1)C(=O)O,O=C(O)CCC(=O)C(O)Cc1ccc(O)cc1;O=C(O)CCC(O)C(=O)Cc1ccc(O)cc1
CC(=O)C(O)(Cc1ccc(O)cc1)C(=O)O;CC(O)(C(=O)O)C(=O)Cc1ccc(O)cc1,CC(=O)C(O)Cc1ccc(O)cc1;CC(O)C(=O)Cc1ccc(O)cc1
O=C(O)CCCCCC(O)(C(=O)O)C(=O)Cc1ccc(O)cc1;O=C(O)CCCCCC(=O)C(O)(Cc1ccc(O)cc1)C(=O)O,O=C(O)CCCCCC(O)C(=O)Cc1ccc(O)cc1;O=C(O)CCCCCC(=O)C(O)Cc1ccc(O)cc1
O=C(O)C(O)(CC(O)CO)C(=O)Cc1ccc(O)cc1;O=C(O)C(O)(Cc1ccc(O)cc1)C(=O)CC(O)CO,O=C(Cc1ccc(O)cc1)C(O)CC(O)CO;O=C(CC(O)CO)C(O)Cc1ccc(O)cc1
O=C(O)C(O)(C(=O)Cc1ccc(O)cc1)c1ccccc1;O=C(O)C(O)(Cc1ccc(O)cc1)C(=O)c1ccccc1,O=C(Cc1ccc(O)cc1)C(O)c1ccccc1;O=C(c1ccccc1)C(O)Cc1ccc(O)cc1
O=C(O)C(O)(Cc1ccc(O)cc1)C(=O)c1c[nH]c2ccccc12;O=C(O)C(O)(C(=O)Cc1ccc(O)cc1)c1c[nH]c2ccccc12,O=C(c1c[nH]c2ccccc12)C(O)Cc1ccc(O)cc1;O=C(Cc1ccc(O)cc1)C(O)c1c[nH]c2ccccc12
O=C(O)CC(O)(C(=O)O)C(=O)Cc1ccc(O)cc1;O=C(O)CC(=O)C(O)(Cc1ccc(O)cc1)C(=O)O,O=C(O)CC(O)C(=O)Cc1ccc(O)cc1;O=C(O)CC(=O)C(O)Cc1ccc(O)cc1
O=C(O)C(O)(CO)C(=O)Cc1ccc(O)cc1;O=C(O)C(O)(Cc1ccc(O)cc1)C(=O)CO,O=C(Cc1ccc(O)cc1)C(O)CO;O=C(CO)C(O)Cc1ccc(O)cc1
O=C(O)C(O)(Cc1ccc(O)cc1)C(=O)CS;O=C(O)C(O)(CS)C(=O)Cc1ccc(O)cc1,O=C(Cc1ccc(O)cc1)C(O)CS;O=C(CS)C(O)Cc1ccc(O)cc1
CC(=O)OC1COC(n2cc(C(=O)C(O)(Cc3ccc(O)cc3)C(=O)O)c3ccccc32)C(OC(C)=O)C1OC(C)=O;CC(=O)OC1COC(n2cc(C(O)(C(=O)O)C(=O)Cc3ccc(O)cc3)c3ccccc32)C(OC(C)=O)C1OC(C)=O,CC(=O)OC1COC(n2cc(C(O)C(=O)Cc3ccc(O)cc3)c3ccccc32)C(OC(C)=O)C1OC(C)=O;CC(=O)OC1COC(n2cc(C(=O)C(O)Cc3ccc(O)cc3)c3ccccc32)C(OC(C)=O)C1OC(C)=O
O=C(O)C(O)(CCc1cccs1)C(=O)Cc1ccc(O)cc1;O=C(O)C(O)(Cc1ccc(O)cc1)C(=O)CCc1cccs1,O=C(Cc1ccc(O)cc1)C(O)CCc1cccs1;O=C(CCc1cccs1)C(O)Cc1ccc(O)cc1
O=C(O)C(O)(Cc1ccc(O)cc1)C(=O)Cc1ccc2ccccc2n1;O=C(O)C(O)(Cc1ccc2ccccc2n1)C(=O)Cc1ccc(O)cc1,O=C(Cc1ccc2ccccc2n1)C(O)Cc1ccc(O)cc1;O=C(Cc1ccc(O)cc1)C(O)Cc1ccc2ccccc2n1
CC(C)N(O)C(O)(C(=O)O)C(=O)Cc1ccc(O)cc1;CC(C)N(O)C(=O)C(O)(Cc1ccc(O)cc1)C(=O)O,CC(C)N(O)C(O)C(=O)Cc1ccc(O)cc1;CC(C)N(O)C(=O)C(O)Cc1ccc(O)cc1
CCOC(=O)c1csc(C(C#N)C(=O)C(O)(Cc2ccc(O)cc2)C(=O)O)n1;CCOC(=O)c1csc(C(C#N)C(O)(C(=O)O)C(=O)Cc2ccc(O)cc2)n1,CCOC(=O)c1csc(C(C#N)C(=O)C(O)Cc2ccc(O)cc2)n1;CCOC(=O)c1csc(C(C#N)C(O)C(=O)Cc2ccc(O)cc2)n1
O=C(O)C(O)(NC1(c2ccc(Cl)s2)CCCCC1)C(=O)Cc1ccc(O)cc1;O=C(O)C(O)(Cc1ccc(O)cc1)C(=O)NC1(c2ccc(Cl)s2)CCCCC1,O=C(NC1(c2ccc(Cl)s2)CCCCC1)C(O)Cc1ccc(O)cc1;O=C(Cc1ccc(O)cc1)C(O)NC1(c2ccc(Cl)s2)CCCCC1
O=C(O)c1c(NC(O)(C(=O)O)C(=O)Cc2ccc(O)cc2)sc2c1CCCC2;O=C(O)c1c(NC(=O)C(O)(Cc2ccc(O)cc2)C(=O)O)sc2c1CCCC2,O=C(O)c1c(NC(O)C(=O)Cc2ccc(O)cc2)sc2c1CCCC2;O=C(O)c1c(NC(=O)C(O)Cc2ccc(O)cc2)sc2c1CCCC2
CCCCCCC(=O)C(O)(CCCCCC)C(=O)O,CCCCCCC(=O)C(O)CCCCCC
CCCCCCC(O)(C(=O)O)C(=O)Cc1cnc[nH]1;CCCCCCC(=O)C(O)(Cc1cnc[nH]1)C(=O)O,CCCCCCC(=O)C(O)Cc1cnc[nH]1;CCCCCCC(O)C(=O)Cc1cnc[nH]1
CCCCCCC(=O)C(O)(CCCC(=O)O)C(=O)O;CCCCCCC(O)(C(=O)O)C(=O)CCCC(=O)O,CCCCCCC(=O)C(O)CCCC(=O)O;CCCCCCC(O)C(=O)CCCC(=O)O
CCCCCCC(O)(C(=O)O)C(=O)C(C)(C)C;CCCCCCC(=O)C(O)(C(=O)O)C(C)(C)C,CCCCCCC(O)C(=O)C(C)(C)C;CCCCCCC(=O)C(O)C(C)(C)C
CCCCCCC(O)(C(=O)O)C(=O)C(F)(F)F;CCCCCCC(=O)C(O)(C(=O)O)C(F)(F)F,CCCCCCC(=O)C(O)C(F)(F)F;CCCCCCC(O)C(=O)C(F)(F)F
CCCCCCC(O)(C(=O)O)C(=O)c1c(C)cc(C)cc1C;CCCCCCC(=O)C(O)(C(=O)O)c1c(C)cc(C)cc1C,CCCCCCC(O)C(=O)c1c(C)cc(C)cc1C;CCCCCCC(=O)C(O)c1c(C)cc(C)cc1C
CCCCCCC(=O)C(O)(C(=O)O)C(C)CC;CCCCCCC(O)(C(=O)O)C(=O)C(C)CC,CCCCCCC(=O)C(O)C(C)CC;CCCCCCC(O)C(=O)C(C)CC
CCCCCCC(O)(C(=O)O)C(=O)CC;CCCCCCC(=O)C(O)(CC)C(=O)O,CCCCCCC(=O)C(O)CC;CCCCCCC(O)C(=O)CC
CCCCCCC(O)(C(=O)O)C(=O)CBr;CCCCCCC(=O)C(O)(CBr)C(=O)O,CCCCCCC(O)C(=O)CBr;CCCCCCC(=O)C(O)CBr
CCCCCCC(O)(C(=O)O)C(=O)Cc1ccccc1;CCCCCCC(=O)C(O)(Cc1ccccc1)C(=O)O,CCCCCCC(O)C(=O)Cc1ccccc1;CCCCCCC(=O)C(O)Cc1ccccc1
CCCCCCC(=O)C(O)(CCC)C(=O)O;CCCCCCC(O)(C(=O)O)C(=O)CCC,CCCCCCC(=O)C(O)CCC;CCCCCCC(O)C(=O)CCC
CCCCCCC(=O)C(O)(CC(C)C)C(=O)O;CCCCCCC(O)(C(=O)O)C(=O)CC(C)C,CCCCCCC(=O)C(O)CC(C)C;CCCCCCC(O)C(=O)CC(C)C
CCCCCCC(=O)C(O)(CCC(=O)O)C(=O)O;CCCCCCC(O)(C(=O)O)C(=O)CCC(=O)O,CCCCCCC(O)C(=O)CCC(=O)O;CCCCCCC(=O)C(O)CCC(=O)O
CCCCCCC(O)(C(C)=O)C(=O)O;CCCCCCC(=O)C(C)(O)C(=O)O,CCCCCCC(=O)C(C)O;CCCCCCC(O)C(C)=O
CCCCCCC(=O)C(O)(CCCCCC(=O)O)C(=O)O;CCCCCCC(O)(C(=O)O)C(=O)CCCCCC(=O)O,CCCCCCC(=O)C(O)CCCCCC(=O)O;CCCCCCC(O)C(=O)CCCCCC(=O)O
CCCCCCC(O)(C(=O)O)C(=O)CC(O)CO;CCCCCCC(=O)C(O)(CC(O)CO)C(=O)O,CCCCCCC(=O)C(O)CC(O)CO;CCCCCCC(O)C(=O)CC(O)CO
CCCCCCC(=O)C(O)(C(=O)O)c1ccccc1;CCCCCCC(O)(C(=O)O)C(=O)c1ccccc1,CCCCCCC(=O)C(O)c1ccccc1;CCCCCCC(O)C(=O)c1ccccc1
CCCCCCC(O)(C(=O)O)C(=O)c1c[nH]c2ccccc12;CCCCCCC(=O)C(O)(C(=O)O)c1c[nH]c2ccccc12,CCCCCCC(=O)C(O)c1c[nH]c2ccccc12;CCCCCCC(O)C(=O)c1c[nH]c2ccccc12
CCCCCCC(=O)C(O)(CC(=O)O)C(=O)O;CCCCCCC(O)(C(=O)O)C(=O)CC(=O)O,CCCCCCC(O)C(=O)CC(=O)O;CCCCCCC(=O)C(O)CC(=O)O
CCCCCCC(O)(C(=O)O)C(=O)CO;CCCCCCC(=O)C(O)(CO)C(=O)O,CCCCCCC(=O)C(O)CO;CCCCCCC(O)C(=O)CO
CCCCCCC(=O)C(O)(CS)C(=O)O;CCCCCCC(O)(C(=O)O)C(=O)CS,CCCCCCC(O)C(=O)CS;CCCCCCC(=O)C(O)CS
CCCCCCC(=O)C(O)(C(=O)O)c1cn(C2OCC(OC(C)=O)C(OC(C)=O)C2OC(C)=O)c2ccccc12;CCCCCCC(O)(C(=O)O)C(=O)c1cn(C2OCC(OC(C)=O)C(OC(C)=O)C2OC(C)=O)c2ccccc12,CCCCCCC(O)C(=O)c1cn(C2OCC(OC(C)=O)C(OC(C)=O)C2OC(C)=O)c2ccccc12;CCCCCCC(=O)C(O)c1cn(C2OCC(OC(C)=O)C(OC(C)=O)C2OC(C)=O)c2ccccc12
CCCCCCC(O)(C(=O)O)C(=O)CCc1cccs1;CCCCCCC(=O)C(O)(CCc1cccs1)C(=O)O,CCCCCCC(O)C(=O)CCc1cccs1;CCCCCCC(=O)C(O)CCc1cccs1
CCCCCCC(O)(C(=O)O)C(=O)Cc1ccc2ccccc2n1;CCCCCCC(=O)C(O)(Cc1ccc2ccccc2n1)C(=O)O,CCCCCCC(O)C(=O)Cc1ccc2ccccc2n1;CCCCCCC(=O)C(O)Cc1ccc2ccccc2n1
CCCCCCC(O)(C(=O)O)C(=O)N(O)C(C)C;CCCCCCC(=O)C(O)(C(=O)O)N(O)C(C)C,CCCCCCC(O)C(=O)N(O)C(C)C;CCCCCCC(=O)C(O)N(O)C(C)C
CCCCCCC(O)(C(=O)O)C(=O)C(C#N)c1nc(C(=O)OCC)cs1;CCCCCCC(=O)C(O)(C(=O)O)C(C#N)c1nc(C(=O)OCC)cs1,CCCCCCC(=O)C(O)C(C#N)c1nc(C(=O)OCC)cs1;CCCCCCC(O)C(=O)C(C#N)c1nc(C(=O)OCC)cs1
CCCCCCC(=O)C(O)(NC1(c2ccc(Cl)s2)CCCCC1)C(=O)O;CCCCCCC(O)(C(=O)O)C(=O)NC1(c2ccc(Cl)s2)CCCCC1,CCCCCCC(O)C(=O)NC1(c2ccc(Cl)s2)CCCCC1;CCCCCCC(=O)C(O)NC1(c2ccc(Cl)s2)CCCCC1
CCCCCCC(O)(C(=O)O)C(=O)Nc1sc2c(c1C(=O)O)CCCC2;CCCCCCC(=O)C(O)(Nc1sc2c(c1C(=O)O)CCCC2)C(=O)O,CCCCCCC(=O)C(O)Nc1sc2c(c1C(=O)O)CCCC2;CCCCCCC(O)C(=O)Nc1sc2c(c1C(=O)O)CCCC2
O=C(O)C(O)(Cc1cnc[nH]1)C(=O)Cc1cnc[nH]1,O=C(Cc1cnc[nH]1)C(O)Cc1cnc[nH]1
O=C(O)CCCC(O)(C(=O)O)C(=O)Cc1cnc[nH]1;O=C(O)CCCC(=O)C(O)(Cc1cnc[nH]1)C(=O)O,O=C(O)CCCC(O)C(=O)Cc1cnc[nH]1;O=C(O)CCCC(=O)C(O)Cc1cnc[nH]1
CC(C)(C)C(O)(C(=O)O)C(=O)Cc1cnc[nH]1;CC(C)(C)C(=O)C(O)(Cc1cnc[nH]1)C(=O)O,CC(C)(C)C(O)C(=O)Cc1cnc[nH]1;CC(C)(C)C(=O)C(O)Cc1cnc[nH]1
O=C(O)C(O)(Cc1cnc[nH]1)C(=O)C(F)(F)F;O=C(O)C(O)(C(=O)Cc1cnc[nH]1)C(F)(F)F,O=C(C(O)Cc1cnc[nH]1)C(F)(F)F;O=C(Cc1cnc[nH]1)C(O)C(F)(F)F
Cc1cc(C)c(C(=O)C(O)(Cc2cnc[nH]2)C(=O)O)c(C)c1;Cc1cc(C)c(C(O)(C(=O)O)C(=O)Cc2cnc[nH]2)c(C)c1,Cc1cc(C)c(C(O)C(=O)Cc2cnc[nH]2)c(C)c1;Cc1cc(C)c(C(=O)C(O)Cc2cnc[nH]2)c(C)c1
CCC(C)C(O)(C(=O)O)C(=O)Cc1cnc[nH]1;CCC(C)C(=O)C(O)(Cc1cnc[nH]1)C(=O)O,CCC(C)C(O)C(=O)Cc1cnc[nH]1;CCC(C)C(=O)C(O)Cc1cnc[nH]1
CCC(O)(C(=O)O)C(=O)Cc1cnc[nH]1;CCC(=O)C(O)(Cc1cnc[nH]1)C(=O)O,CCC(=O)C(O)Cc1cnc[nH]1;CCC(O)C(=O)Cc1cnc[nH]1
O=C(O)C(O)(Cc1cnc[nH]1)C(=O)CBr;O=C(O)C(O)(CBr)C(=O)Cc1cnc[nH]1,O=C(Cc1cnc[nH]1)C(O)CBr;O=C(CBr)C(O)Cc1cnc[nH]1
O=C(O)C(O)(Cc1cnc[nH]1)C(=O)Cc1ccccc1;O=C(O)C(O)(Cc1ccccc1)C(=O)Cc1cnc[nH]1,O=C(Cc1ccccc1)C(O)Cc1cnc[nH]1;O=C(Cc1cnc[nH]1)C(O)Cc1ccccc1
CCCC(=O)C(O)(Cc1cnc[nH]1)C(=O)O;CCCC(O)(C(=O)O)C(=O)Cc1cnc[nH]1,CCCC(O)C(=O)Cc1cnc[nH]1;CCCC(=O)C(O)Cc1cnc[nH]1
CC(C)CC(O)(C(=O)O)C(=O)Cc1cnc[nH]1;CC(C)CC(=O)C(O)(Cc1cnc[nH]1)C(=O)O,CC(C)CC(O)C(=O)Cc1cnc[nH]1;CC(C)CC(=O)C(O)Cc1cnc[nH]1
O=C(O)CCC(=O)C(O)(Cc1cnc[nH]1)C(=O)O;O=C(O)CCC(O)(C(=O)O)C(=O)Cc1cnc[nH]1,O=C(O)CCC(=O)C(O)Cc1cnc[nH]1;O=C(O)CCC(O)C(=O)Cc1cnc[nH]1
CC(O)(C(=O)O)C(=O)Cc1cnc[nH]1;CC(=O)C(O)(Cc1cnc[nH]1)C(=O)O,CC(O)C(=O)Cc1cnc[nH]1;CC(=O)C(O)Cc1cnc[nH]1
O=C(O)CCCCCC(O)(C(=O)O)C(=O)Cc1cnc[nH]1;O=C(O)CCCCCC(=O)C(O)(Cc1cnc[nH]1)C(=O)O,O=C(O)CCCCCC(O)C(=O)Cc1cnc[nH]1;O=C(O)CCCCCC(=O)C(O)Cc1cnc[nH]1
O=C(O)C(O)(Cc1cnc[nH]1)C(=O)CC(O)CO;O=C(O)C(O)(CC(O)CO)C(=O)Cc1cnc[nH]1,O=C(CC(O)CO)C(O)Cc1cnc[nH]1;O=C(Cc1cnc[nH]1)C(O)CC(O)CO
O=C(O)C(O)(Cc1cnc[nH]1)C(=O)c1ccccc1;O=C(O)C(O)(C(=O)Cc1cnc[nH]1)c1ccccc1,O=C(c1ccccc1)C(O)Cc1cnc[nH]1;O=C(Cc1cnc[nH]1)C(O)c1ccccc1
O=C(O)C(O)(Cc1cnc[nH]1)C(=O)c1c[nH]c2ccccc12;O=C(O)C(O)(C(=O)Cc1cnc[nH]1)c1c[nH]c2ccccc12,O=C(Cc1cnc[nH]1)C(O)c1c[nH]c2ccccc12;O=C(c1c[nH]c2ccccc12)C(O)Cc1cnc[nH]1
O=C(O)CC(O)(C(=O)O)C(=O)Cc1cnc[nH]1;O=C(O)CC(=O)C(O)(Cc1cnc[nH]1)C(=O)O,O=C(O)CC(O)C(=O)Cc1cnc[nH]1;O=C(O)CC(=O)C(O)Cc1cnc[nH]1
O=C(O)C(O)(Cc1cnc[nH]1)C(=O)CO;O=C(O)C(O)(CO)C(=O)Cc1cnc[nH]1,O=C(Cc1cnc[nH]1)C(O)CO;O=C(CO)C(O)Cc1cnc[nH]1
O=C(O)C(O)(CS)C(=O)Cc1cnc[nH]1;O=C(O)C(O)(Cc1cnc[nH]1)C(=O)CS,O=C(Cc1cnc[nH]1)C(O)CS;O=C(CS)C(O)Cc1cnc[nH]1
CC(=O)OC1COC(n2cc(C(O)(C(=O)O)C(=O)Cc3cnc[nH]3)c3ccccc32)C(OC(C)=O)C1OC(C)=O;CC(=O)OC1COC(n2cc(C(=O)C(O)(Cc3cnc[nH]3)C(=O)O)c3ccccc32)C(OC(C)=O)C1OC(C)=O,CC(=O)OC1COC(n2cc(C(O)C(=O)Cc3cnc[nH]3)c3ccccc32)C(OC(C)=O)C1OC(C)=O;CC(=O)OC1COC(n2cc(C(=O)C(O)Cc3cnc[nH]3)c3ccccc32)C(OC(C)=O)C1OC(C)=O
O=C(O)C(O)(CCc1cccs1)C(=O)Cc1cnc[nH]1;O=C(O)C(O)(Cc1cnc[nH]1)C(=O)CCc1cccs1,O=C(CCc1cccs1)C(O)Cc1cnc[nH]1;O=C(Cc1cnc[nH]1)C(O)CCc1cccs1
O=C(O)C(O)(Cc1cnc[nH]1)C(=O)Cc1ccc2ccccc2n1;O=C(O)C(O)(Cc1ccc2ccccc2n1)C(=O)Cc1cnc[nH]1,O=C(Cc1ccc2ccccc2n1)C(O)Cc1cnc[nH]1;O=C(Cc1cnc[nH]1)C(O)Cc1ccc2ccccc2n1
CC(C)N(O)C(O)(C(=O)O)C(=O)Cc1cnc[nH]1;CC(C)N(O)C(=O)C(O)(Cc1cnc[nH]1)C(=O)O,CC(C)N(O)C(O)C(=O)Cc1cnc[nH]1;CC(C)N(O)C(=O)C(O)Cc1cnc[nH]1
CCOC(=O)c1csc(C(C#N)C(=O)C(O)(Cc2cnc[nH]2)C(=O)O)n1;CCOC(=O)c1csc(C(C#N)C(O)(C(=O)O)C(=O)Cc2cnc[nH]2)n1,CCOC(=O)c1csc(C(C#N)C(O)C(=O)Cc2cnc[nH]2)n1;CCOC(=O)c1csc(C(C#N)C(=O)C(O)Cc2cnc[nH]2)n1
O=C(O)C(O)(Cc1cnc[nH]1)C(=O)NC1(c2ccc(Cl)s2)CCCCC1;O=C(O)C(O)(NC1(c2ccc(Cl)s2)CCCCC1)C(=O)Cc1cnc[nH]1,O=C(NC1(c2ccc(Cl)s2)CCCCC1)C(O)Cc1cnc[nH]1;O=C(Cc1cnc[nH]1)C(O)NC1(c2ccc(Cl)s2)CCCCC1
O=C(O)c1c(NC(=O)C(O)(Cc2cnc[nH]2)C(=O)O)sc2c1CCCC2;O=C(O)c1c(NC(O)(C(=O)O)C(=O)Cc2cnc[nH]2)sc2c1CCCC2,O=C(O)c1c(NC(O)C(=O)Cc2cnc[nH]2)sc2c1CCCC2;O=C(O)c1c(NC(=O)C(O)Cc2cnc[nH]2)sc2c1CCCC2
O=C(O)CCCC(=O)C(O)(CCCC(=O)O)C(=O)O,O=C(O)CCCC(=O)C(O)CCCC(=O)O
CC(C)(C)C(=O)C(O)(CCCC(=O)O)C(=O)O;CC(C)(C)C(O)(C(=O)O)C(=O)CCCC(=O)O,CC(C)(C)C(=O)C(O)CCCC(=O)O;CC(C)(C)C(O)C(=O)CCCC(=O)O
O=C(O)CCCC(=O)C(O)(C(=O)O)C(F)(F)F;O=C(O)CCCC(O)(C(=O)O)C(=O)C(F)(F)F,O=C(O)CCCC(O)C(=O)C(F)(F)F;O=C(O)CCCC(=O)C(O)C(F)(F)F
Cc1cc(C)c(C(=O)C(O)(CCCC(=O)O)C(=O)O)c(C)c1;Cc1cc(C)c(C(O)(C(=O)O)C(=O)CCCC(=O)O)c(C)c1,Cc1cc(C)c(C(=O)C(O)CCCC(=O)O)c(C)c1;Cc1cc(C)c(C(O)C(=O)CCCC(=O)O)c(C)c1
CCC(C)C(O)(C(=O)O)C(=O)CCCC(=O)O;CCC(C)C(=O)C(O)(CCCC(=O)O)C(=O)O,CCC(C)C(=O)C(O)CCCC(=O)O;CCC(C)C(O)C(=O)CCCC(=O)O
CCC(O)(C(=O)O)C(=O)CCCC(=O)O;CCC(=O)C(O)(CCCC(=O)O)C(=O)O,CCC(=O)C(O)CCCC(=O)O;CCC(O)C(=O)CCCC(=O)O
O=C(O)CCCC(=O)C(O)(CBr)C(=O)O;O=C(O)CCCC(O)(C(=O)O)C(=O)CBr,O=C(O)CCCC(O)C(=O)CBr;O=C(O)CCCC(=O)C(O)CBr
O=C(O)CCCC(O)(C(=O)O)C(=O)Cc1ccccc1;O=C(O)CCCC(=O)C(O)(Cc1ccccc1)C(=O)O,O=C(O)CCCC(=O)C(O)Cc1ccccc1;O=C(O)CCCC(O)C(=O)Cc1ccccc1
CCCC(O)(C(=O)O)C(=O)CCCC(=O)O;CCCC(=O)C(O)(CCCC(=O)O)C(=O)O,CCCC(=O)C(O)CCCC(=O)O;CCCC(O)C(=O)CCCC(=O)O
CC(C)CC(=O)C(O)(CCCC(=O)O)C(=O)O;CC(C)CC(O)(C(=O)O)C(=O)CCCC(=O)O,CC(C)CC(O)C(=O)CCCC(=O)O;CC(C)CC(=O)C(O)CCCC(=O)O
O=C(O)CCCC(O)(C(=O)O)C(=O)CCC(=O)O;O=C(O)CCCC(=O)C(O)(CCC(=O)O)C(=O)O,O=C(O)CCCC(O)C(=O)CCC(=O)O;O=C(O)CCCC(=O)C(O)CCC(=O)O
CC(=O)C(O)(CCCC(=O)O)C(=O)O;CC(O)(C(=O)O)C(=O)CCCC(=O)O,CC(=O)C(O)CCCC(=O)O;CC(O)C(=O)CCCC(=O)O
O=C(O)CCCCCC(=O)C(O)(CCCC(=O)O)C(=O)O;O=C(O)CCCCCC(O)(C(=O)O)C(=O)CCCC(=O)O,O=C(O)CCCCCC(O)C(=O)CCCC(=O)O;O=C(O)CCCCCC(=O)C(O)CCCC(=O)O
O=C(O)CCCC(O)(C(=O)O)C(=O)CC(O)CO;O=C(O)CCCC(=O)C(O)(CC(O)CO)C(=O)O,O=C(O)CCCC(=O)C(O)CC(O)CO;O=C(O)CCCC(O)C(=O)CC(O)CO
O=C(O)CCCC(=O)C(O)(C(=O)O)c1ccccc1;O=C(O)CCCC(O)(C(=O)O)C(=O)c1ccccc1,O=C(O)CCCC(=O)C(O)c1ccccc1;O=C(O)CCCC(O)C(=O)c1ccccc1
O=C(O)CCCC(=O)C(O)(C(=O)O)c1c[nH]c2ccccc12;O=C(O)CCCC(O)(C(=O)O)C(=O)c1c[nH]c2ccccc12,O=C(O)CCCC(O)C(=O)c1c[nH]c2ccccc12;O=C(O)CCCC(=O)C(O)c1c[nH]c2ccccc12
O=C(O)CCCC(=O)C(O)(CC(=O)O)C(=O)O;O=C(O)CCCC(O)(C(=O)O)C(=O)CC(=O)O,O=C(O)CCCC(=O)C(O)CC(=O)O;O=C(O)CCCC(O)C(=O)CC(=O)O
O=C(O)CCCC(O)(C(=O)O)C(=O)CO;O=C(O)CCCC(=O)C(O)(CO)C(=O)O,O=C(O)CCCC(=O)C(O)CO;O=C(O)CCCC(O)C(=O)CO
O=C(O)CCCC(=O)C(O)(CS)C(=O)O;O=C(O)CCCC(O)(C(=O)O)C(=O)CS,O=C(O)CCCC(=O)C(O)CS;O=C(O)CCCC(O)C(=O)CS
CC(=O)OC1COC(n2cc(C(O)(C(=O)O)C(=O)CCCC(=O)O)c3ccccc32)C(OC(C)=O)C1OC(C)=O;CC(=O)OC1COC(n2cc(C(=O)C(O)(CCCC(=O)O)C(=O)O)c3ccccc32)C(OC(C)=O)C1OC(C)=O,CC(=O)OC1COC(n2cc(C(=O)C(O)CCCC(=O)O)c3ccccc32)C(OC(C)=O)C1OC(C)=O;CC(=O)OC1COC(n2cc(C(O)C(=O)CCCC(=O)O)c3ccccc32)C(OC(C)=O)C1OC(C)=O
O=C(O)CCCC(O)(C(=O)O)C(=O)CCc1cccs1;O=C(O)CCCC(=O)C(O)(CCc1cccs1)C(=O)O,O=C(O)CCCC(O)C(=O)CCc1cccs1;O=C(O)CCCC(=O)C(O)CCc1cccs1
O=C(O)CCCC(=O)C(O)(Cc1ccc2ccccc2n1)C(=O)O;O=C(O)CCCC(O)(C(=O)O)C(=O)Cc1ccc2ccccc2n1,O=C(O)CCCC(=O)C(O)Cc1ccc2ccccc2n1;O=C(O)CCCC(O)C(=O)Cc1ccc2ccccc2n1
CC(C)N(O)C(=O)C(O)(CCCC(=O)O)C(=O)O;CC(C)N(O)C(O)(C(=O)O)C(=O)CCCC(=O)O,CC(C)N(O)C(=O)C(O)CCCC(=O)O;CC(C)N(O)C(O)C(=O)CCCC(=O)O
CCOC(=O)c1csc(C(C#N)C(O)(C(=O)O)C(=O)CCCC(=O)O)n1;CCOC(=O)c1csc(C(C#N)C(=O)C(O)(CCCC(=O)O)C(=O)O)n1,CCOC(=O)c1csc(C(C#N)C(=O)C(O)CCCC(=O)O)n1;CCOC(=O)c1csc(C(C#N)C(O)C(=O)CCCC(=O)O)n1
O=C(O)CCCC(=O)C(O)(NC1(c2ccc(Cl)s2)CCCCC1)C(=O)O;O=C(O)CCCC(O)(C(=O)O)C(=O)NC1(c2ccc(Cl)s2)CCCCC1,O=C(O)CCCC(=O)C(O)NC1(c2ccc(Cl)s2)CCCCC1;O=C(O)CCCC(O)C(=O)NC1(c2ccc(Cl)s2)CCCCC1
O=C(O)CCCC(O)(C(=O)O)C(=O)Nc1sc2c(c1C(=O)O)CCCC2;O=C(O)CCCC(=O)C(O)(Nc1sc2c(c1C(=O)O)CCCC2)C(=O)O,O=C(O)CCCC(O)C(=O)Nc1sc2c(c1C(=O)O)CCCC2;O=C(O)CCCC(=O)C(O)Nc1sc2c(c1C(=O)O)CCCC2
CC(C)(C)C(=O)C(O)(C(=O)O)C(C)(C)C,CC(C)(C)C(=O)C(O)C(C)(C)C
CC(C)(C)C(=O)C(O)(C(=O)O)C(F)(F)F;CC(C)(C)C(O)(C(=O)O)C(=O)C(F)(F)F,CC(C)(C)C(=O)C(O)C(F)(F)F;CC(C)(C)C(O)C(=O)C(F)(F)F
Cc1cc(C)c(C(=O)C(O)(C(=O)O)C(C)(C)C)c(C)c1;Cc1cc(C)c(C(O)(C(=O)O)C(=O)C(C)(C)C)c(C)c1,Cc1cc(C)c(C(O)C(=O)C(C)(C)C)c(C)c1;Cc1cc(C)c(C(=O)C(O)C(C)(C)C)c(C)c1
CCC(C)C(=O)C(O)(C(=O)O)C(C)(C)C;CCC(C)C(O)(C(=O)O)C(=O)C(C)(C)C,CCC(C)C(O)C(=O)C(C)(C)C;CCC(C)C(=O)C(O)C(C)(C)C
CCC(O)(C(=O)O)C(=O)C(C)(C)C;CCC(=O)C(O)(C(=O)O)C(C)(C)C,CCC(=O)C(O)C(C)(C)C;CCC(O)C(=O)C(C)(C)C
CC(C)(C)C(=O)C(O)(CBr)C(=O)O;CC(C)(C)C(O)(C(=O)O)C(=O)CBr,CC(C)(C)C(O)C(=O)CBr;CC(C)(C)C(=O)C(O)CBr
CC(C)(C)C(O)(C(=O)O)C(=O)Cc1ccccc1;CC(C)(C)C(=O)C(O)(Cc1ccccc1)C(=O)O,CC(C)(C)C(=O)C(O)Cc1ccccc1;CC(C)(C)C(O)C(=O)Cc1ccccc1
CCCC(O)(C(=O)O)C(=O)C(C)(C)C;CCCC(=O)C(O)(C(=O)O)C(C)(C)C,CCCC(O)C(=O)C(C)(C)C;CCCC(=O)C(O)C(C)(C)C
CC(C)CC(O)(C(=O)O)C(=O)C(C)(C)C;CC(C)CC(=O)C(O)(C(=O)O)C(C)(C)C,CC(C)CC(=O)C(O)C(C)(C)C;CC(C)CC(O)C(=O)C(C)(C)C
CC(C)(C)C(=O)C(O)(CCC(=O)O)C(=O)O;CC(C)(C)C(O)(C(=O)O)C(=O)CCC(=O)O,CC(C)(C)C(O)C(=O)CCC(=O)O;CC(C)(C)C(=O)C(O)CCC(=O)O
CC(=O)C(O)(C(=O)O)C(C)(C)C;CC(C)(C)C(=O)C(C)(O)C(=O)O,CC(=O)C(O)C(C)(C)C;CC(O)C(=O)C(C)(C)C
CC(C)(C)C(=O)C(O)(CCCCCC(=O)O)C(=O)O;CC(C)(C)C(O)(C(=O)O)C(=O)CCCCCC(=O)O,CC(C)(C)C(O)C(=O)CCCCCC(=O)O;CC(C)(C)C(=O)C(O)CCCCCC(=O)O
CC(C)(C)C(=O)C(O)(CC(O)CO)C(=O)O;CC(C)(C)C(O)(C(=O)O)C(=O)CC(O)CO,CC(C)(C)C(=O)C(O)CC(O)CO;CC(C)(C)C(O)C(=O)CC(O)CO
CC(C)(C)C(=O)C(O)(C(=O)O)c1ccccc1;CC(C)(C)C(O)(C(=O)O)C(=O)c1ccccc1,CC(C)(C)C(O)C(=O)c1ccccc1;CC(C)(C)C(=O)C(O)c1ccccc1
CC(C)(C)C(=O)C(O)(C(=O)O)c1c[nH]c2ccccc12;CC(C)(C)C(O)(C(=O)O)C(=O)c1c[nH]c2ccccc12,CC(C)(C)C(=O)C(O)c1c[nH]c2ccccc12;CC(C)(C)C(O)C(=O)c1c[nH]c2ccccc12
CC(C)(C)C(=O)C(O)(CC(=O)O)C(=O)O;CC(C)(C)C(O)(C(=O)O)C(=O)CC(=O)O,CC(C)(C)C(O)C(=O)CC(=O)O;CC(C)(C)C(=O)C(O)CC(=O)O
CC(C)(C)C(O)(C(=O)O)C(=O)CO;CC(C)(C)C(=O)C(O)(CO)C(=O)O,CC(C)(C)C(=O)C(O)CO;CC(C)(C)C(O)C(=O)CO
CC(C)(C)C(O)(C(=O)O)C(=O)CS;CC(C)(C)C(=O)C(O)(CS)C(=O)O,CC(C)(C)C(O)C(=O)CS;CC(C)(C)C(=O)C(O)CS
CC(=O)OC1COC(n2cc(C(=O)C(O)(C(=O)O)C(C)(C)C)c3ccccc32)C(OC(C)=O)C1OC(C)=O;CC(=O)OC1COC(n2cc(C(O)(C(=O)O)C(=O)C(C)(C)C)c3ccccc32)C(OC(C)=O)C1OC(C)=O,CC(=O)OC1COC(n2cc(C(O)C(=O)C(C)(C)C)c3ccccc32)C(OC(C)=O)C1OC(C)=O;CC(=O)OC1COC(n2cc(C(=O)C(O)C(C)(C)C)c3ccccc32)C(OC(C)=O)C1OC(C)=O
CC(C)(C)C(=O)C(O)(CCc1cccs1)C(=O)O;CC(C)(C)C(O)(C(=O)O)C(=O)CCc1cccs1,CC(C)(C)C(O)C(=O)CCc1cccs1;CC(C)(C)C(=O)C(O)CCc1cccs1
CC(C)(C)C(O)(C(=O)O)C(=O)Cc1ccc2ccccc2n1;CC(C)(C)C(=O)C(O)(Cc1ccc2ccccc2n1)C(=O)O,CC(C)(C)C(=O)C(O)Cc1ccc2ccccc2n1;CC(C)(C)C(O)C(=O)Cc1ccc2ccccc2n1
CC(C)N(O)C(=O)C(O)(C(=O)O)C(C)(C)C;CC(C)N(O)C(O)(C(=O)O)C(=O)C(C)(C)C,CC(C)N(O)C(O)C(=O)C(C)(C)C;CC(C)N(O)C(=O)C(O)C(C)(C)C
CCOC(=O)c1csc(C(C#N)C(=O)C(O)(C(=O)O)C(C)(C)C)n1;CCOC(=O)c1csc(C(C#N)C(O)(C(=O)O)C(=O)C(C)(C)C)n1,CCOC(=O)c1csc(C(C#N)C(=O)C(O)C(C)(C)C)n1;CCOC(=O)c1csc(C(C#N)C(O)C(=O)C(C)(C)C)n1
CC(C)(C)C(O)(C(=O)O)C(=O)NC1(c2ccc(Cl)s2)CCCCC1;CC(C)(C)C(=O)C(O)(NC1(c2ccc(Cl)s2)CCCCC1)C(=O)O,CC(C)(C)C(O)C(=O)NC1(c2ccc(Cl)s2)CCCCC1;CC(C)(C)C(=O)C(O)NC1(c2ccc(Cl)s2)CCCCC1
CC(C)(C)C(O)(C(=O)O)C(=O)Nc1sc2c(c1C(=O)O)CCCC2;CC(C)(C)C(=O)C(O)(Nc1sc2c(c1C(=O)O)CCCC2)C(=O)O,CC(C)(C)C(=O)C(O)Nc1sc2c(c1C(=O)O)CCCC2;CC(C)(C)C(O)C(=O)Nc1sc2c(c1C(=O)O)CCCC2
O=C(O)C(O)(C(=O)C(F)(F)F)C(F)(F)F,O=C(C(O)C(F)(F)F)C(F)(F)F
Cc1cc(C)c(C(O)(C(=O)O)C(=O)C(F)(F)F)c(C)c1;Cc1cc(C)c(C(=O)C(O)(C(=O)O)C(F)(F)F)c(C)c1,Cc1cc(C)c(C(O)C(=O)C(F)(F)F)c(C)c1;Cc1cc(C)c(C(=O)C(O)C(F)(F)F)c(C)c1
CCC(C)C(O)(C(=O)O)C(=O)C(F)(F)F;CCC(C)C(=O)C(O)(C(=O)O)C(F)(F)F,CCC(C)C(=O)C(O)C(F)(F)F;CCC(C)C(O)C(=O)C(F)(F)F
CCC(O)(C(=O)O)C(=O)C(F)(F)F;CCC(=O)C(O)(C(=O)O)C(F)(F)F,CCC(O)C(=O)C(F)(F)F;CCC(=O)C(O)C(F)(F)F
O=C(O)C(O)(C(=O)CBr)C(F)(F)F;O=C(O)C(O)(CBr)C(=O)C(F)(F)F,O=C(CBr)C(O)C(F)(F)F;O=C(C(O)CBr)C(F)(F)F
O=C(O)C(O)(Cc1ccccc1)C(=O)C(F)(F)F;O=C(O)C(O)(C(=O)Cc1ccccc1)C(F)(F)F,O=C(C(O)Cc1ccccc1)C(F)(F)F;O=C(Cc1ccccc1)C(O)C(F)(F)F
CCCC(=O)C(O)(C(=O)O)C(F)(F)F;CCCC(O)(C(=O)O)C(=O)C(F)(F)F,CCCC(O)C(=O)C(F)(F)F;CCCC(=O)C(O)C(F)(F)F
CC(C)CC(O)(C(=O)O)C(=O)C(F)(F)F;CC(C)CC(=O)C(O)(C(=O)O)C(F)(F)F,CC(C)CC(O)C(=O)C(F)(F)F;CC(C)CC(=O)C(O)C(F)(F)F
O=C(O)CCC(O)(C(=O)O)C(=O)C(F)(F)F;O=C(O)CCC(=O)C(O)(C(=O)O)C(F)(F)F,O=C(O)CCC(O)C(=O)C(F)(F)F;O=C(O)CCC(=O)C(O)C(F)(F)F
CC(=O)C(O)(C(=O)O)C(F)(F)F;CC(O)(C(=O)O)C(=O)C(F)(F)F,CC(O)C(=O)C(F)(F)F;CC(=O)C(O)C(F)(F)F
O=C(O)CCCCCC(=O)C(O)(C(=O)O)C(F)(F)F;O=C(O)CCCCCC(O)(C(=O)O)C(=O)C(F)(F)F,O=C(O)CCCCCC(=O)C(O)C(F)(F)F;O=C(O)CCCCCC(O)C(=O)C(F)(F)F
O=C(O)C(O)(CC(O)CO)C(=O)C(F)(F)F;O=C(O)C(O)(C(=O)CC(O)CO)C(F)(F)F,O=C(CC(O)CO)C(O)C(F)(F)F;O=C(C(O)CC(O)CO)C(F)(F)F
O=C(O)C(O)(C(=O)C(F)(F)F)c1ccccc1;O=C(O)C(O)(C(=O)c1ccccc1)C(F)(F)F,O=C(c1ccccc1)C(O)C(F)(F)F;O=C(C(O)c1ccccc1)C(F)(F)F
O=C(O)C(O)(C(=O)c1c[nH]c2ccccc12)C(F)(F)F;O=C(O)C(O)(C(=O)C(F)(F)F)c1c[nH]c2ccccc12,O=C(c1c[nH]c2ccccc12)C(O)C(F)(F)F;O=C(C(O)c1c[nH]c2ccccc12)C(F)(F)F
O=C(O)CC(=O)C(O)(C(=O)O)C(F)(F)F;O=C(O)CC(O)(C(=O)O)C(=O)C(F)(F)F,O=C(O)CC(O)C(=O)C(F)(F)F;O=C(O)CC(=O)C(O)C(F)(F)F
O=C(O)C(O)(CO)C(=O)C(F)(F)F;O=C(O)C(O)(C(=O)CO)C(F)(F)F,O=C(C(O)CO)C(F)(F)F;O=C(CO)C(O)C(F)(F)F
O=C(O)C(O)(CS)C(=O)C(F)(F)F;O=C(O)C(O)(C(=O)CS)C(F)(F)F,O=C(CS)C(O)C(F)(F)F;O=C(C(O)CS)C(F)(F)F
CC(=O)OC1COC(n2cc(C(O)(C(=O)O)C(=O)C(F)(F)F)c3ccccc32)C(OC(C)=O)C1OC(C)=O;CC(=O)OC1COC(n2cc(C(=O)C(O)(C(=O)O)C(F)(F)F)c3ccccc32)C(OC(C)=O)C1OC(C)=O,CC(=O)OC1COC(n2cc(C(=O)C(O)C(F)(F)F)c3ccccc32)C(OC(C)=O)C1OC(C)=O;CC(=O)OC1COC(n2cc(C(O)C(=O)C(F)(F)F)c3ccccc32)C(OC(C)=O)C1OC(C)=O
O=C(O)C(O)(C(=O)CCc1cccs1)C(F)(F)F;O=C(O)C(O)(CCc1cccs1)C(=O)C(F)(F)F,O=C(C(O)CCc1cccs1)C(F)(F)F;O=C(CCc1cccs1)C(O)C(F)(F)F
O=C(O)C(O)(Cc1ccc2ccccc2n1)C(=O)C(F)(F)F;O=C(O)C(O)(C(=O)Cc1ccc2ccccc2n1)C(F)(F)F,O=C(C(O)Cc1ccc2ccccc2n1)C(F)(F)F;O=C(Cc1ccc2ccccc2n1)C(O)C(F)(F)F
CC(C)N(O)C(O)(C(=O)O)C(=O)C(F)(F)F;CC(C)N(O)C(=O)C(O)(C(=O)O)C(F)(F)F,CC(C)N(O)C(O)C(=O)C(F)(F)F;CC(C)N(O)C(=O)C(O)C(F)(F)F
CCOC(=O)c1csc(C(C#N)C(=O)C(O)(C(=O)O)C(F)(F)F)n1;CCOC(=O)c1csc(C(C#N)C(O)(C(=O)O)C(=O)C(F)(F)F)n1,CCOC(=O)c1csc(C(C#N)C(=O)C(O)C(F)(F)F)n1;CCOC(=O)c1csc(C(C#N)C(O)C(=O)C(F)(F)F)n1
O=C(O)C(O)(NC1(c2ccc(Cl)s2)CCCCC1)C(=O)C(F)(F)F;O=C(O)C(O)(C(=O)NC1(c2ccc(Cl)s2)CCCCC1)C(F)(F)F,O=C(NC1(c2ccc(Cl)s2)CCCCC1)C(O)C(F)(F)F;O=C(C(O)NC1(c2ccc(Cl)s2)CCCCC1)C(F)(F)F
O=C(O)c1c(NC(=O)C(O)(C(=O)O)C(F)(F)F)sc2c1CCCC2;O=C(O)c1c(NC(O)(C(=O)O)C(=O)C(F)(F)F)sc2c1CCCC2,O=C(O)c1c(NC(=O)C(O)C(F)(F)F)sc2c1CCCC2;O=C(O)c1c(NC(O)C(=O)C(F)(F)F)sc2c1CCCC2
Cc1cc(C)c(C(=O)C(O)(C(=O)O)c2c(C)cc(C)cc2C)c(C)c1,Cc1cc(C)c(C(=O)C(O)c2c(C)cc(C)cc2C)c(C)c1
CCC(C)C(O)(C(=O)O)C(=O)c1c(C)cc(C)cc1C;CCC(C)C(=O)C(O)(C(=O)O)c1c(C)cc(C)cc1C,CCC(C)C(O)C(=O)c1c(C)cc(C)cc1C;CCC(C)C(=O)C(O)c1c(C)cc(C)cc1C
CCC(=O)C(O)(C(=O)O)c1c(C)cc(C)cc1C;CCC(O)(C(=O)O)C(=O)c1c(C)cc(C)cc1C,CCC(=O)C(O)c1c(C)cc(C)cc1C;CCC(O)C(=O)c1c(C)cc(C)cc1C
Cc1cc(C)c(C(=O)C(O)(CBr)C(=O)O)c(C)c1;Cc1cc(C)c(C(O)(C(=O)O)C(=O)CBr)c(C)c1,Cc1cc(C)c(C(O)C(=O)CBr)c(C)c1;Cc1cc(C)c(C(=O)C(O)CBr)c(C)c1
Cc1cc(C)c(C(=O)C(O)(Cc2ccccc2)C(=O)O)c(C)c1;Cc1cc(C)c(C(O)(C(=O)O)C(=O)Cc2ccccc2)c(C)c1,Cc1cc(C)c(C(O)C(=O)Cc2ccccc2)c(C)c1;Cc1cc(C)c(C(=O)C(O)Cc2ccccc2)c(C)c1
CCCC(=O)C(O)(C(=O)O)c1c(C)cc(C)cc1C;CCCC(O)(C(=O)O)C(=O)c1c(C)cc(C)cc1C,CCCC(O)C(=O)c1c(C)cc(C)cc1C;CCCC(=O)C(O)c1c(C)cc(C)cc1C
Cc1cc(C)c(C(=O)C(O)(CC(C)C)C(=O)O)c(C)c1;Cc1cc(C)c(C(O)(C(=O)O)C(=O)CC(C)C)c(C)c1,Cc1cc(C)c(C(=O)C(O)CC(C)C)c(C)c1;Cc1cc(C)c(C(O)C(=O)CC(C)C)c(C)c1
Cc1cc(C)c(C(O)(C(=O)O)C(=O)CCC(=O)O)c(C)c1;Cc1cc(C)c(C(=O)C(O)(CCC(=O)O)C(=O)O)c(C)c1,Cc1cc(C)c(C(=O)C(O)CCC(=O)O)c(C)c1;Cc1cc(C)c(C(O)C(=O)CCC(=O)O)c(C)c1
Cc1cc(C)c(C(=O)C(C)(O)C(=O)O)c(C)c1;CC(=O)C(O)(C(=O)O)c1c(C)cc(C)cc1C,CC(=O)C(O)c1c(C)cc(C)cc1C;Cc1cc(C)c(C(=O)C(C)O)c(C)c1
Cc1cc(C)c(C(=O)C(O)(CCCCCC(=O)O)C(=O)O)c(C)c1;Cc1cc(C)c(C(O)(C(=O)O)C(=O)CCCCCC(=O)O)c(C)c1,Cc1cc(C)c(C(O)C(=O)CCCCCC(=O)O)c(C)c1;Cc1cc(C)c(C(=O)C(O)CCCCCC(=O)O)c(C)c1
Cc1cc(C)c(C(=O)C(O)(CC(O)CO)C(=O)O)c(C)c1;Cc1cc(C)c(C(O)(C(=O)O)C(=O)CC(O)CO)c(C)c1,Cc1cc(C)c(C(=O)C(O)CC(O)CO)c(C)c1;Cc1cc(C)c(C(O)C(=O)CC(O)CO)c(C)c1
Cc1cc(C)c(C(O)(C(=O)O)C(=O)c2ccccc2)c(C)c1;Cc1cc(C)c(C(=O)C(O)(C(=O)O)c2ccccc2)c(C)c1,Cc1cc(C)c(C(O)C(=O)c2ccccc2)c(C)c1;Cc1cc(C)c(C(=O)C(O)c2ccccc2)c(C)c1
Cc1cc(C)c(C(O)(C(=O)O)C(=O)c2c[nH]c3ccccc23)c(C)c1;Cc1cc(C)c(C(=O)C(O)(C(=O)O)c2c[nH]c3ccccc23)c(C)c1,Cc1cc(C)c(C(=O)C(O)c2c[nH]c3ccccc23)c(C)c1;Cc1cc(C)c(C(O)C(=O)c2c[nH]c3ccccc23)c(C)c1
Cc1cc(C)c(C(O)(C(=O)O)C(=O)CC(=O)O)c(C)c1;Cc1cc(C)c(C(=O)C(O)(CC(=O)O)C(=O)O)c(C)c1,Cc1cc(C)c(C(=O)C(O)CC(=O)O)c(C)c1;Cc1cc(C)c(C(O)C(=O)CC(=O)O)c(C)c1
Cc1cc(C)c(C(=O)C(O)(CO)C(=O)O)c(C)c1;Cc1cc(C)c(C(O)(C(=O)O)C(=O)CO)c(C)c1,Cc1cc(C)c(C(=O)C(O)CO)c(C)c1;Cc1cc(C)c(C(O)C(=O)CO)c(C)c1
Cc1cc(C)c(C(=O)C(O)(CS)C(=O)O)c(C)c1;Cc1cc(C)c(C(O)(C(=O)O)C(=O)CS)c(C)c1,Cc1cc(C)c(C(O)C(=O)CS)c(C)c1;Cc1cc(C)c(C(=O)C(O)CS)c(C)c1
CC(=O)OC1COC(n2cc(C(=O)C(O)(C(=O)O)c3c(C)cc(C)cc3C)c3ccccc32)C(OC(C)=O)C1OC(C)=O;CC(=O)OC1COC(n2cc(C(O)(C(=O)O)C(=O)c3c(C)cc(C)cc3C)c3ccccc32)C(OC(C)=O)C1OC(C)=O,CC(=O)OC1COC(n2cc(C(O)C(=O)c3c(C)cc(C)cc3C)c3ccccc32)C(OC(C)=O)C1OC(C)=O;CC(=O)OC1COC(n2cc(C(=O)C(O)c3c(C)cc(C)cc3C)c3ccccc32)C(OC(C)=O)C1OC(C)=O
Cc1cc(C)c(C(O)(C(=O)O)C(=O)CCc2cccs2)c(C)c1;Cc1cc(C)c(C(=O)C(O)(CCc2cccs2)C(=O)O)c(C)c1,Cc1cc(C)c(C(O)C(=O)CCc2cccs2)c(C)c1;Cc1cc(C)c(C(=O)C(O)CCc2cccs2)c(C)c1
Cc1cc(C)c(C(=O)C(O)(Cc2ccc3ccccc3n2)C(=O)O)c(C)c1;Cc1cc(C)c(C(O)(C(=O)O)C(=O)Cc2ccc3ccccc3n2)c(C)c1,Cc1cc(C)c(C(=O)C(O)Cc2ccc3ccccc3n2)c(C)c1;Cc1cc(C)c(C(O)C(=O)Cc2ccc3ccccc3n2)c(C)c1
Cc1cc(C)c(C(=O)C(O)(C(=O)O)N(O)C(C)C)c(C)c1;Cc1cc(C)c(C(O)(C(=O)O)C(=O)N(O)C(C)C)c(C)c1,Cc1cc(C)c(C(O)C(=O)N(O)C(C)C)c(C)c1;Cc1cc(C)c(C(=O)C(O)N(O)C(C)C)c(C)c1
CCOC(=O)c1csc(C(C#N)C(=O)C(O)(C(=O)O)c2c(C)cc(C)cc2C)n1;CCOC(=O)c1csc(C(C#N)C(O)(C(=O)O)C(=O)c2c(C)cc(C)cc2C)n1,CCOC(=O)c1csc(C(C#N)C(=O)C(O)c2c(C)cc(C)cc2C)n1;CCOC(=O)c1csc(C(C#N)C(O)C(=O)c2c(C)cc(C)cc2C)n1
Cc1cc(C)c(C(O)(C(=O)O)C(=O)NC2(c3ccc(Cl)s3)CCCCC2)c(C)c1;Cc1cc(C)c(C(=O)C(O)(NC2(c3ccc(Cl)s3)CCCCC2)C(=O)O)c(C)c1,Cc1cc(C)c(C(=O)C(O)NC2(c3ccc(Cl)s3)CCCCC2)c(C)c1;Cc1cc(C)c(C(O)C(=O)NC2(c3ccc(Cl)s3)CCCCC2)c(C)c1
Cc1cc(C)c(C(O)(C(=O)O)C(=O)Nc2sc3c(c2C(=O)O)CCCC3)c(C)c1;Cc1cc(C)c(C(=O)C(O)(Nc2sc3c(c2C(=O)O)CCCC3)C(=O)O)c(C)c1,Cc1cc(C)c(C(O)C(=O)Nc2sc3c(c2C(=O)O)CCCC3)c(C)c1;Cc1cc(C)c(C(=O)C(O)Nc2sc3c(c2C(=O)O)CCCC3)c(C)c1
CCC(C)C(=O)C(O)(C(=O)O)C(C)CC,CCC(C)C(=O)C(O)C(C)CC
CCC(C)C(=O)C(O)(CC)C(=O)O;CCC(=O)C(O)(C(=O)O)C(C)CC,CCC(=O)C(O)C(C)CC;CCC(C)C(=O)C(O)CC
CCC(C)C(O)(C(=O)O)C(=O)CBr;CCC(C)C(=O)C(O)(CBr)C(=O)O,CCC(C)C(=O)C(O)CBr;CCC(C)C(O)C(=O)CBr
CCC(C)C(O)(C(=O)O)C(=O)Cc1ccccc1;CCC(C)C(=O)C(O)(Cc1ccccc1)C(=O)O,CCC(C)C(=O)C(O)Cc1ccccc1;CCC(C)C(O)C(=O)Cc1ccccc1
CCCC(O)(C(=O)O)C(=O)C(C)CC;CCCC(=O)C(O)(C(=O)O)C(C)CC,CCCC(O)C(=O)C(C)CC;CCCC(=O)C(O)C(C)CC
CCC(C)C(O)(C(=O)O)C(=O)CC(C)C;CCC(C)C(=O)C(O)(CC(C)C)C(=O)O,CCC(C)C(=O)C(O)CC(C)C;CCC(C)C(O)C(=O)CC(C)C
CCC(C)C(O)(C(=O)O)C(=O)CCC(=O)O;CCC(C)C(=O)C(O)(CCC(=O)O)C(=O)O,CCC(C)C(=O)C(O)CCC(=O)O;CCC(C)C(O)C(=O)CCC(=O)O
CCC(C)C(O)(C(C)=O)C(=O)O;CCC(C)C(=O)C(C)(O)C(=O)O,CCC(C)C(=O)C(C)O;CCC(C)C(O)C(C)=O
CCC(C)C(=O)C(O)(CCCCCC(=O)O)C(=O)O;CCC(C)C(O)(C(=O)O)C(=O)CCCCCC(=O)O,CCC(C)C(=O)C(O)CCCCCC(=O)O;CCC(C)C(O)C(=O)CCCCCC(=O)O
CCC(C)C(O)(C(=O)O)C(=O)CC(O)CO;CCC(C)C(=O)C(O)(CC(O)CO)C(=O)O,CCC(C)C(=O)C(O)CC(O)CO;CCC(C)C(O)C(=O)CC(O)CO
CCC(C)C(O)(C(=O)O)C(=O)c1ccccc1;CCC(C)C(=O)C(O)(C(=O)O)c1ccccc1,CCC(C)C(O)C(=O)c1ccccc1;CCC(C)C(=O)C(O)c1ccccc1
CCC(C)C(O)(C(=O)O)C(=O)c1c[nH]c2ccccc12;CCC(C)C(=O)C(O)(C(=O)O)c1c[nH]c2ccccc12,CCC(C)C(O)C(=O)c1c[nH]c2ccccc12;CCC(C)C(=O)C(O)c1c[nH]c2ccccc12
CCC(C)C(=O)C(O)(CC(=O)O)C(=O)O;CCC(C)C(O)(C(=O)O)C(=O)CC(=O)O,CCC(C)C(=O)C(O)CC(=O)O;CCC(C)C(O)C(=O)CC(=O)O
CCC(C)C(O)(C(=O)O)C(=O)CO;CCC(C)C(=O)C(O)(CO)C(=O)O,CCC(C)C(O)C(=O)CO;CCC(C)C(=O)C(O)CO
CCC(C)C(O)(C(=O)O)C(=O)CS;CCC(C)C(=O)C(O)(CS)C(=O)O,CCC(C)C(=O)C(O)CS;CCC(C)C(O)C(=O)CS
CCC(C)C(=O)C(O)(C(=O)O)c1cn(C2OCC(OC(C)=O)C(OC(C)=O)C2OC(C)=O)c2ccccc12;CCC(C)C(O)(C(=O)O)C(=O)c1cn(C2OCC(OC(C)=O)C(OC(C)=O)C2OC(C)=O)c2ccccc12,CCC(C)C(=O)C(O)c1cn(C2OCC(OC(C)=O)C(OC(C)=O)C2OC(C)=O)c2ccccc12;CCC(C)C(O)C(=O)c1cn(C2OCC(OC(C)=O)C(OC(C)=O)C2OC(C)=O)c2ccccc12
CCC(C)C(O)(C(=O)O)C(=O)CCc1cccs1;CCC(C)C(=O)C(O)(CCc1cccs1)C(=O)O,CCC(C)C(O)C(=O)CCc1cccs1;CCC(C)C(=O)C(O)CCc1cccs1
CCC(C)C(O)(C(=O)O)C(=O)Cc1ccc2ccccc2n1;CCC(C)C(=O)C(O)(Cc1ccc2ccccc2n1)C(=O)O,CCC(C)C(O)C(=O)Cc1ccc2ccccc2n1;CCC(C)C(=O)C(O)Cc1ccc2ccccc2n1
CCC(C)C(=O)C(O)(C(=O)O)N(O)C(C)C;CCC(C)C(O)(C(=O)O)C(=O)N(O)C(C)C,CCC(C)C(=O)C(O)N(O)C(C)C;CCC(C)C(O)C(=O)N(O)C(C)C
CCOC(=O)c1csc(C(C#N)C(=O)C(O)(C(=O)O)C(C)CC)n1;CCOC(=O)c1csc(C(C#N)C(O)(C(=O)O)C(=O)C(C)CC)n1,CCOC(=O)c1csc(C(C#N)C(O)C(=O)C(C)CC)n1;CCOC(=O)c1csc(C(C#N)C(=O)C(O)C(C)CC)n1
CCC(C)C(O)(C(=O)O)C(=O)NC1(c2ccc(Cl)s2)CCCCC1;CCC(C)C(=O)C(O)(NC1(c2ccc(Cl)s2)CCCCC1)C(=O)O,CCC(C)C(O)C(=O)NC1(c2ccc(Cl)s2)CCCCC1;CCC(C)C(=O)C(O)NC1(c2ccc(Cl)s2)CCCCC1
CCC(C)C(O)(C(=O)O)C(=O)Nc1sc2c(c1C(=O)O)CCCC2;CCC(C)C(=O)C(O)(Nc1sc2c(c1C(=O)O)CCCC2)C(=O)O,CCC(C)C(O)C(=O)Nc1sc2c(c1C(=O)O)CCCC2;CCC(C)C(=O)C(O)Nc1sc2c(c1C(=O)O)CCCC2
CCC(=O)C(O)(CC)C(=O)O,CCC(=O)C(O)CC
CCC(O)(C(=O)O)C(=O)CBr;CCC(=O)C(O)(CBr)C(=O)O,CCC(=O)C(O)CBr;CCC(O)C(=O)CBr
CCC(=O)C(O)(Cc1ccccc1)C(=O)O;CCC(O)(C(=O)O)C(=O)Cc1ccccc1,CCC(O)C(=O)Cc1ccccc1;CCC(=O)C(O)Cc1ccccc1
CCCC(O)(C(=O)O)C(=O)CC;CCCC(=O)C(O)(CC)C(=O)O,CCCC(O)C(=O)CC;CCCC(=O)C(O)CC
CCC(=O)C(O)(CC(C)C)C(=O)O;CCC(O)(C(=O)O)C(=O)CC(C)C,CCC(O)C(=O)CC(C)C;CCC(=O)C(O)CC(C)C
CCC(O)(C(=O)O)C(=O)CCC(=O)O;CCC(=O)C(O)(CCC(=O)O)C(=O)O,CCC(O)C(=O)CCC(=O)O;CCC(=O)C(O)CCC(=O)O
CCC(=O)C(C)(O)C(=O)O;CCC(O)(C(C)=O)C(=O)O,CCC(=O)C(C)O;CCC(O)C(C)=O
CCC(O)(C(=O)O)C(=O)CCCCCC(=O)O;CCC(=O)C(O)(CCCCCC(=O)O)C(=O)O,CCC(=O)C(O)CCCCCC(=O)O;CCC(O)C(=O)CCCCCC(=O)O
CCC(=O)C(O)(CC(O)CO)C(=O)O;CCC(O)(C(=O)O)C(=O)CC(O)CO,CCC(O)C(=O)CC(O)CO;CCC(=O)C(O)CC(O)CO
CCC(=O)C(O)(C(=O)O)c1ccccc1;CCC(O)(C(=O)O)C(=O)c1ccccc1,CCC(=O)C(O)c1ccccc1;CCC(O)C(=O)c1ccccc1
CCC(O)(C(=O)O)C(=O)c1c[nH]c2ccccc12;CCC(=O)C(O)(C(=O)O)c1c[nH]c2ccccc12,CCC(O)C(=O)c1c[nH]c2ccccc12;CCC(=O)C(O)c1c[nH]c2ccccc12
CCC(O)(C(=O)O)C(=O)CC(=O)O;CCC(=O)C(O)(CC(=O)O)C(=O)O,CCC(=O)C(O)CC(=O)O;CCC(O)C(=O)CC(=O)O
CCC(O)(C(=O)O)C(=O)CO;CCC(=O)C(O)(CO)C(=O)O,CCC(=O)C(O)CO;CCC(O)C(=O)CO
CCC(=O)C(O)(CS)C(=O)O;CCC(O)(C(=O)O)C(=O)CS,CCC(=O)C(O)CS;CCC(O)C(=O)CS
CCC(=O)C(O)(C(=O)O)c1cn(C2OCC(OC(C)=O)C(OC(C)=O)C2OC(C)=O)c2ccccc12;CCC(O)(C(=O)O)C(=O)c1cn(C2OCC(OC(C)=O)C(OC(C)=O)C2OC(C)=O)c2ccccc12,CCC(O)C(=O)c1cn(C2OCC(OC(C)=O)C(OC(C)=O)C2OC(C)=O)c2ccccc12;CCC(=O)C(O)c1cn(C2OCC(OC(C)=O)C(OC(C)=O)C2OC(C)=O)c2ccccc12
CCC(O)(C(=O)O)C(=O)CCc1cccs1;CCC(=O)C(O)(CCc1cccs1)C(=O)O,CCC(=O)C(O)CCc1cccs1;CCC(O)C(=O)CCc1cccs1
CCC(=O)C(O)(Cc1ccc2ccccc2n1)C(=O)O;CCC(O)(C(=O)O)C(=O)Cc1ccc2ccccc2n1,CCC(=O)C(O)Cc1ccc2ccccc2n1;CCC(O)C(=O)Cc1ccc2ccccc2n1
CCC(=O)C(O)(C(=O)O)N(O)C(C)C;CCC(O)(C(=O)O)C(=O)N(O)C(C)C,CCC(=O)C(O)N(O)C(C)C;CCC(O)C(=O)N(O)C(C)C
CCOC(=O)c1csc(C(C#N)C(O)(C(=O)O)C(=O)CC)n1;CCOC(=O)c1csc(C(C#N)C(=O)C(O)(CC)C(=O)O)n1,CCOC(=O)c1csc(C(C#N)C(=O)C(O)CC)n1;CCOC(=O)c1csc(C(C#N)C(O)C(=O)CC)n1
CCC(=O)C(O)(NC1(c2ccc(Cl)s2)CCCCC1)C(=O)O;CCC(O)(C(=O)O)C(=O)NC1(c2ccc(Cl)s2)CCCCC1,CCC(O)C(=O)NC1(c2ccc(Cl)s2)CCCCC1;CCC(=O)C(O)NC1(c2ccc(Cl)s2)CCCCC1
CCC(O)(C(=O)O)C(=O)Nc1sc2c(c1C(=O)O)CCCC2;CCC(=O)C(O)(Nc1sc2c(c1C(=O)O)CCCC2)C(=O)O,CCC(=O)C(O)Nc1sc2c(c1C(=O)O)CCCC2;CCC(O)C(=O)Nc1sc2c(c1C(=O)O)CCCC2
O=C(O)C(O)(CBr)C(=O)CBr,O=C(CBr)C(O)CBr
O=C(O)C(O)(CBr)C(=O)Cc1ccccc1;O=C(O)C(O)(Cc1ccccc1)C(=O)CBr,O=C(CBr)C(O)Cc1ccccc1;O=C(Cc1ccccc1)C(O)CBr
CCCC(O)(C(=O)O)C(=O)CBr;CCCC(=O)C(O)(CBr)C(=O)O,CCCC(=O)C(O)CBr;CCCC(O)C(=O)CBr
CC(C)CC(=O)C(O)(CBr)C(=O)O;CC(C)CC(O)(C(=O)O)C(=O)CBr,CC(C)CC(O)C(=O)CBr;CC(C)CC(=O)C(O)CBr
O=C(O)CCC(=O)C(O)(CBr)C(=O)O;O=C(O)CCC(O)(C(=O)O)C(=O)CBr,O=C(O)CCC(O)C(=O)CBr;O=C(O)CCC(=O)C(O)CBr
CC(O)(C(=O)O)C(=O)CBr;CC(=O)C(O)(CBr)C(=O)O,CC(O)C(=O)CBr;CC(=O)C(O)CBr
O=C(O)CCCCCC(O)(C(=O)O)C(=O)CBr;O=C(O)CCCCCC(=O)C(O)(CBr)C(=O)O,O=C(O)CCCCCC(=O)C(O)CBr;O=C(O)CCCCCC(O)C(=O)CBr
O=C(O)C(O)(CC(O)CO)C(=O)CBr;O=C(O)C(O)(CBr)C(=O)CC(O)CO,O=C(CC(O)CO)C(O)CBr;O=C(CBr)C(O)CC(O)CO
O=C(O)C(O)(CBr)C(=O)c1ccccc1;O=C(O)C(O)(C(=O)CBr)c1ccccc1,O=C(c1ccccc1)C(O)CBr;O=C(CBr)C(O)c1ccccc1
O=C(O)C(O)(C(=O)CBr)c1c[nH]c2ccccc12;O=C(O)C(O)(CBr)C(=O)c1c[nH]c2ccccc12,O=C(c1c[nH]c2ccccc12)C(O)CBr;O=C(CBr)C(O)c1c[nH]c2ccccc12
O=C(O)CC(O)(C(=O)O)C(=O)CBr;O=C(O)CC(=O)C(O)(CBr)C(=O)O,O=C(O)CC(O)C(=O)CBr;O=C(O)CC(=O)C(O)CBr
O=C(O)C(O)(CO)C(=O)CBr;O=C(O)C(O)(CBr)C(=O)CO,O=C(CBr)C(O)CO;O=C(CO)C(O)CBr
O=C(O)C(O)(CS)C(=O)CBr;O=C(O)C(O)(CBr)C(=O)CS,O=C(CS)C(O)CBr;O=C(CBr)C(O)CS
CC(=O)OC1COC(n2cc(C(=O)C(O)(CBr)C(=O)O)c3ccccc32)C(OC(C)=O)C1OC(C)=O;CC(=O)OC1COC(n2cc(C(O)(C(=O)O)C(=O)CBr)c3ccccc32)C(OC(C)=O)C1OC(C)=O,CC(=O)OC1COC(n2cc(C(=O)C(O)CBr)c3ccccc32)C(OC(C)=O)C1OC(C)=O;CC(=O)OC1COC(n2cc(C(O)C(=O)CBr)c3ccccc32)C(OC(C)=O)C1OC(C)=O
O=C(O)C(O)(CBr)C(=O)CCc1cccs1;O=C(O)C(O)(CCc1cccs1)C(=O)CBr,O=C(CCc1cccs1)C(O)CBr;O=C(CBr)C(O)CCc1cccs1
O=C(O)C(O)(CBr)C(=O)Cc1ccc2ccccc2n1;O=C(O)C(O)(Cc1ccc2ccccc2n1)C(=O)CBr,O=C(Cc1ccc2ccccc2n1)C(O)CBr;O=C(CBr)C(O)Cc1ccc2ccccc2n1
CC(C)N(O)C(=O)C(O)(CBr)C(=O)O;CC(C)N(O)C(O)(C(=O)O)C(=O)CBr,CC(C)N(O)C(O)C(=O)CBr;CC(C)N(O)C(=O)C(O)CBr
CCOC(=O)c1csc(C(C#N)C(=O)C(O)(CBr)C(=O)O)n1;CCOC(=O)c1csc(C(C#N)C(O)(C(=O)O)C(=O)CBr)n1,CCOC(=O)c1csc(C(C#N)C(O)C(=O)CBr)n1;CCOC(=O)c1csc(C(C#N)C(=O)C(O)CBr)n1
O=C(O)C(O)(CBr)C(=O)NC1(c2ccc(Cl)s2)CCCCC1;O=C(O)C(O)(NC1(c2ccc(Cl)s2)CCCCC1)C(=O)CBr,O=C(CBr)C(O)NC1(c2ccc(Cl)s2)CCCCC1;O=C(NC1(c2ccc(Cl)s2)CCCCC1)C(O)CBr
O=C(O)c1c(NC(O)(C(=O)O)C(=O)CBr)sc2c1CCCC2;O=C(O)c1c(NC(=O)C(O)(CBr)C(=O)O)sc2c1CCCC2,O=C(O)c1c(NC(=O)C(O)CBr)sc2c1CCCC2;O=C(O)c1c(NC(O)C(=O)CBr)sc2c1CCCC2
O=C(O)C(O)(Cc1ccccc1)C(=O)Cc1ccccc1,O=C(Cc1ccccc1)C(O)Cc1ccccc1
CCCC(O)(C(=O)O)C(=O)Cc1ccccc1;CCCC(=O)C(O)(Cc1ccccc1)C(=O)O,CCCC(=O)C(O)Cc1ccccc1;CCCC(O)C(=O)Cc1ccccc1
CC(C)CC(=O)C(O)(Cc1ccccc1)C(=O)O;CC(C)CC(O)(C(=O)O)C(=O)Cc1ccccc1,CC(C)CC(=O)C(O)Cc1ccccc1;CC(C)CC(O)C(=O)Cc1ccccc1
O=C(O)CCC(O)(C(=O)O)C(=O)Cc1ccccc1;O=C(O)CCC(=O)C(O)(Cc1ccccc1)C(=O)O,O=C(O)CCC(O)C(=O)Cc1ccccc1;O=C(O)CCC(=O)C(O)Cc1ccccc1
CC(O)(C(=O)O)C(=O)Cc1ccccc1;CC(=O)C(O)(Cc1ccccc1)C(=O)O,CC(O)C(=O)Cc1ccccc1;CC(=O)C(O)Cc1ccccc1
O=C(O)CCCCCC(=O)C(O)(Cc1ccccc1)C(=O)O;O=C(O)CCCCCC(O)(C(=O)O)C(=O)Cc1ccccc1,O=C(O)CCCCCC(=O)C(O)Cc1ccccc1;O=C(O)CCCCCC(O)C(=O)Cc1ccccc1
O=C(O)C(O)(Cc1ccccc1)C(=O)CC(O)CO;O=C(O)C(O)(CC(O)CO)C(=O)Cc1ccccc1,O=C(CC(O)CO)C(O)Cc1ccccc1;O=C(Cc1ccccc1)C(O)CC(O)CO
O=C(O)C(O)(Cc1ccccc1)C(=O)c1ccccc1;O=C(O)C(O)(C(=O)Cc1ccccc1)c1ccccc1,O=C(Cc1ccccc1)C(O)c1ccccc1;O=C(c1ccccc1)C(O)Cc1ccccc1
O=C(O)C(O)(C(=O)Cc1ccccc1)c1c[nH]c2ccccc12;O=C(O)C(O)(Cc1ccccc1)C(=O)c1c[nH]c2ccccc12,O=C(c1c[nH]c2ccccc12)C(O)Cc1ccccc1;O=C(Cc1ccccc1)C(O)c1c[nH]c2ccccc12
O=C(O)CC(O)(C(=O)O)C(=O)Cc1ccccc1;O=C(O)CC(=O)C(O)(Cc1ccccc1)C(=O)O,O=C(O)CC(=O)C(O)Cc1ccccc1;O=C(O)CC(O)C(=O)Cc1ccccc1
O=C(O)C(O)(CO)C(=O)Cc1ccccc1;O=C(O)C(O)(Cc1ccccc1)C(=O)CO,O=C(CO)C(O)Cc1ccccc1;O=C(Cc1ccccc1)C(O)CO
O=C(O)C(O)(CS)C(=O)Cc1ccccc1;O=C(O)C(O)(Cc1ccccc1)C(=O)CS,O=C(Cc1ccccc1)C(O)CS;O=C(CS)C(O)Cc1ccccc1
CC(=O)OC1COC(n2cc(C(=O)C(O)(Cc3ccccc3)C(=O)O)c3ccccc32)C(OC(C)=O)C1OC(C)=O;CC(=O)OC1COC(n2cc(C(O)(C(=O)O)C(=O)Cc3ccccc3)c3ccccc32)C(OC(C)=O)C1OC(C)=O,CC(=O)OC1COC(n2cc(C(=O)C(O)Cc3ccccc3)c3ccccc32)C(OC(C)=O)C1OC(C)=O;CC(=O)OC1COC(n2cc(C(O)C(=O)Cc3ccccc3)c3ccccc32)C(OC(C)=O)C1OC(C)=O
O=C(O)C(O)(Cc1ccccc1)C(=O)CCc1cccs1;O=C(O)C(O)(CCc1cccs1)C(=O)Cc1ccccc1,O=C(Cc1ccccc1)C(O)CCc1cccs1;O=C(CCc1cccs1)C(O)Cc1ccccc1
O=C(O)C(O)(Cc1ccc2ccccc2n1)C(=O)Cc1ccccc1;O=C(O)C(O)(Cc1ccccc1)C(=O)Cc1ccc2ccccc2n1,O=C(Cc1ccc2ccccc2n1)C(O)Cc1ccccc1;O=C(Cc1ccccc1)C(O)Cc1ccc2ccccc2n1
CC(C)N(O)C(O)(C(=O)O)C(=O)Cc1ccccc1;CC(C)N(O)C(=O)C(O)(Cc1ccccc1)C(=O)O,CC(C)N(O)C(=O)C(O)Cc1ccccc1;CC(C)N(O)C(O)C(=O)Cc1ccccc1
CCOC(=O)c1csc(C(C#N)C(=O)C(O)(Cc2ccccc2)C(=O)O)n1;CCOC(=O)c1csc(C(C#N)C(O)(C(=O)O)C(=O)Cc2ccccc2)n1,CCOC(=O)c1csc(C(C#N)C(=O)C(O)Cc2ccccc2)n1;CCOC(=O)c1csc(C(C#N)C(O)C(=O)Cc2ccccc2)n1
O=C(O)C(O)(NC1(c2ccc(Cl)s2)CCCCC1)C(=O)Cc1ccccc1;O=C(O)C(O)(Cc1ccccc1)C(=O)NC1(c2ccc(Cl)s2)CCCCC1,O=C(Cc1ccccc1)C(O)NC1(c2ccc(Cl)s2)CCCCC1;O=C(NC1(c2ccc(Cl)s2)CCCCC1)C(O)Cc1ccccc1
O=C(O)c1c(NC(=O)C(O)(Cc2ccccc2)C(=O)O)sc2c1CCCC2;O=C(O)c1c(NC(O)(C(=O)O)C(=O)Cc2ccccc2)sc2c1CCCC2,O=C(O)c1c(NC(O)C(=O)Cc2ccccc2)sc2c1CCCC2;O=C(O)c1c(NC(=O)C(O)Cc2ccccc2)sc2c1CCCC2
CCCC(=O)C(O)(CCC)C(=O)O,CCCC(=O)C(O)CCC
CCCC(=O)C(O)(CC(C)C)C(=O)O;CCCC(O)(C(=O)O)C(=O)CC(C)C,CCCC(=O)C(O)CC(C)C;CCCC(O)C(=O)CC(C)C
CCCC(O)(C(=O)O)C(=O)CCC(=O)O;CCCC(=O)C(O)(CCC(=O)O)C(=O)O,CCCC(O)C(=O)CCC(=O)O;CCCC(=O)C(O)CCC(=O)O
CCCC(=O)C(C)(O)C(=O)O;CCCC(O)(C(C)=O)C(=O)O,CCCC(=O)C(C)O;CCCC(O)C(C)=O
CCCC(O)(C(=O)O)C(=O)CCCCCC(=O)O;CCCC(=O)C(O)(CCCCCC(=O)O)C(=O)O,CCCC(O)C(=O)CCCCCC(=O)O;CCCC(=O)C(O)CCCCCC(=O)O
CCCC(=O)C(O)(CC(O)CO)C(=O)O;CCCC(O)(C(=O)O)C(=O)CC(O)CO,CCCC(=O)C(O)CC(O)CO;CCCC(O)C(=O)CC(O)CO
CCCC(O)(C(=O)O)C(=O)c1ccccc1;CCCC(=O)C(O)(C(=O)O)c1ccccc1,CCCC(O)C(=O)c1ccccc1;CCCC(=O)C(O)c1ccccc1
CCCC(O)(C(=O)O)C(=O)c1c[nH]c2ccccc12;CCCC(=O)C(O)(C(=O)O)c1c[nH]c2ccccc12,CCCC(O)C(=O)c1c[nH]c2ccccc12;CCCC(=O)C(O)c1c[nH]c2ccccc12
CCCC(=O)C(O)(CC(=O)O)C(=O)O;CCCC(O)(C(=O)O)C(=O)CC(=O)O,CCCC(=O)C(O)CC(=O)O;CCCC(O)C(=O)CC(=O)O
CCCC(=O)C(O)(CO)C(=O)O;CCCC(O)(C(=O)O)C(=O)CO,CCCC(O)C(=O)CO;CCCC(=O)C(O)CO
CCCC(=O)C(O)(CS)C(=O)O;CCCC(O)(C(=O)O)C(=O)CS,CCCC(O)C(=O)CS;CCCC(=O)C(O)CS
CCCC(=O)C(O)(C(=O)O)c1cn(C2OCC(OC(C)=O)C(OC(C)=O)C2OC(C)=O)c2ccccc12;CCCC(O)(C(=O)O)C(=O)c1cn(C2OCC(OC(C)=O)C(OC(C)=O)C2OC(C)=O)c2ccccc12,CCCC(O)C(=O)c1cn(C2OCC(OC(C)=O)C(OC(C)=O)C2OC(C)=O)c2ccccc12;CCCC(=O)C(O)c1cn(C2OCC(OC(C)=O)C(OC(C)=O)C2OC(C)=O)c2ccccc12
CCCC(=O)C(O)(CCc1cccs1)C(=O)O;CCCC(O)(C(=O)O)C(=O)CCc1cccs1,CCCC(O)C(=O)CCc1cccs1;CCCC(=O)C(O)CCc1cccs1
CCCC(=O)C(O)(Cc1ccc2ccccc2n1)C(=O)O;CCCC(O)(C(=O)O)C(=O)Cc1ccc2ccccc2n1,CCCC(O)C(=O)Cc1ccc2ccccc2n1;CCCC(=O)C(O)Cc1ccc2ccccc2n1
CCCC(=O)C(O)(C(=O)O)N(O)C(C)C;CCCC(O)(C(=O)O)C(=O)N(O)C(C)C,CCCC(=O)C(O)N(O)C(C)C;CCCC(O)C(=O)N(O)C(C)C
CCCC(O)(C(=O)O)C(=O)C(C#N)c1nc(C(=O)OCC)cs1;CCCC(=O)C(O)(C(=O)O)C(C#N)c1nc(C(=O)OCC)cs1,CCCC(=O)C(O)C(C#N)c1nc(C(=O)OCC)cs1;CCCC(O)C(=O)C(C#N)c1nc(C(=O)OCC)cs1
CCCC(=O)C(O)(NC1(c2ccc(Cl)s2)CCCCC1)C(=O)O;CCCC(O)(C(=O)O)C(=O)NC1(c2ccc(Cl)s2)CCCCC1,CCCC(=O)C(O)NC1(c2ccc(Cl)s2)CCCCC1;CCCC(O)C(=O)NC1(c2ccc(Cl)s2)CCCCC1
CCCC(=O)C(O)(Nc1sc2c(c1C(=O)O)CCCC2)C(=O)O;CCCC(O)(C(=O)O)C(=O)Nc1sc2c(c1C(=O)O)CCCC2,CCCC(=O)C(O)Nc1sc2c(c1C(=O)O)CCCC2;CCCC(O)C(=O)Nc1sc2c(c1C(=O)O)CCCC2
CC(C)CC(=O)C(O)(CC(C)C)C(=O)O,CC(C)CC(=O)C(O)CC(C)C
CC(C)CC(=O)C(O)(CCC(=O)O)C(=O)O;CC(C)CC(O)(C(=O)O)C(=O)CCC(=O)O,CC(C)CC(=O)C(O)CCC(=O)O;CC(C)CC(O)C(=O)CCC(=O)O
CC(=O)C(O)(CC(C)C)C(=O)O;CC(C)CC(=O)C(C)(O)C(=O)O,CC(C)CC(=O)C(C)O;CC(=O)C(O)CC(C)C
CC(C)CC(O)(C(=O)O)C(=O)CCCCCC(=O)O;CC(C)CC(=O)C(O)(CCCCCC(=O)O)C(=O)O,CC(C)CC(=O)C(O)CCCCCC(=O)O;CC(C)CC(O)C(=O)CCCCCC(=O)O
CC(C)CC(O)(C(=O)O)C(=O)CC(O)CO;CC(C)CC(=O)C(O)(CC(O)CO)C(=O)O,CC(C)CC(=O)C(O)CC(O)CO;CC(C)CC(O)C(=O)CC(O)CO
CC(C)CC(=O)C(O)(C(=O)O)c1ccccc1;CC(C)CC(O)(C(=O)O)C(=O)c1ccccc1,CC(C)CC(O)C(=O)c1ccccc1;CC(C)CC(=O)C(O)c1ccccc1
CC(C)CC(O)(C(=O)O)C(=O)c1c[nH]c2ccccc12;CC(C)CC(=O)C(O)(C(=O)O)c1c[nH]c2ccccc12,CC(C)CC(O)C(=O)c1c[nH]c2ccccc12;CC(C)CC(=O)C(O)c1c[nH]c2ccccc12
CC(C)CC(=O)C(O)(CC(=O)O)C(=O)O;CC(C)CC(O)(C(=O)O)C(=O)CC(=O)O,CC(C)CC(O)C(=O)CC(=O)O;CC(C)CC(=O)C(O)CC(=O)O
CC(C)CC(=O)C(O)(CO)C(=O)O;CC(C)CC(O)(C(=O)O)C(=O)CO,CC(C)CC(=O)C(O)CO;CC(C)CC(O)C(=O)CO
CC(C)CC(O)(C(=O)O)C(=O)CS;CC(C)CC(=O)C(O)(CS)C(=O)O,CC(C)CC(=O)C(O)CS;CC(C)CC(O)C(=O)CS
CC(=O)OC1COC(n2cc(C(O)(C(=O)O)C(=O)CC(C)C)c3ccccc32)C(OC(C)=O)C1OC(C)=O;CC(=O)OC1COC(n2cc(C(=O)C(O)(CC(C)C)C(=O)O)c3ccccc32)C(OC(C)=O)C1OC(C)=O,CC(=O)OC1COC(n2cc(C(O)C(=O)CC(C)C)c3ccccc32)C(OC(C)=O)C1OC(C)=O;CC(=O)OC1COC(n2cc(C(=O)C(O)CC(C)C)c3ccccc32)C(OC(C)=O)C1OC(C)=O
CC(C)CC(O)(C(=O)O)C(=O)CCc1cccs1;CC(C)CC(=O)C(O)(CCc1cccs1)C(=O)O,CC(C)CC(=O)C(O)CCc1cccs1;CC(C)CC(O)C(=O)CCc1cccs1
CC(C)CC(=O)C(O)(Cc1ccc2ccccc2n1)C(=O)O;CC(C)CC(O)(C(=O)O)C(=O)Cc1ccc2ccccc2n1,CC(C)CC(O)C(=O)Cc1ccc2ccccc2n1;CC(C)CC(=O)C(O)Cc1ccc2ccccc2n1
CC(C)CC(O)(C(=O)O)C(=O)N(O)C(C)C;CC(C)CC(=O)C(O)(C(=O)O)N(O)C(C)C,CC(C)CC(=O)C(O)N(O)C(C)C;CC(C)CC(O)C(=O)N(O)C(C)C
CCOC(=O)c1csc(C(C#N)C(=O)C(O)(CC(C)C)C(=O)O)n1;CCOC(=O)c1csc(C(C#N)C(O)(C(=O)O)C(=O)CC(C)C)n1,CCOC(=O)c1csc(C(C#N)C(=O)C(O)CC(C)C)n1;CCOC(=O)c1csc(C(C#N)C(O)C(=O)CC(C)C)n1
CC(C)CC(=O)C(O)(NC1(c2ccc(Cl)s2)CCCCC1)C(=O)O;CC(C)CC(O)(C(=O)O)C(=O)NC1(c2ccc(Cl)s2)CCCCC1,CC(C)CC(=O)C(O)NC1(c2ccc(Cl)s2)CCCCC1;CC(C)CC(O)C(=O)NC1(c2ccc(Cl)s2)CCCCC1
CC(C)CC(O)(C(=O)O)C(=O)Nc1sc2c(c1C(=O)O)CCCC2;CC(C)CC(=O)C(O)(Nc1sc2c(c1C(=O)O)CCCC2)C(=O)O,CC(C)CC(O)C(=O)Nc1sc2c(c1C(=O)O)CCCC2;CC(C)CC(=O)C(O)Nc1sc2c(c1C(=O)O)CCCC2
O=C(O)CCC(=O)C(O)(CCC(=O)O)C(=O)O,O=C(O)CCC(=O)C(O)CCC(=O)O
CC(=O)C(O)(CCC(=O)O)C(=O)O;CC(O)(C(=O)O)C(=O)CCC(=O)O,CC(O)C(=O)CCC(=O)O;CC(=O)C(O)CCC(=O)O
O=C(O)CCCCCC(=O)C(O)(CCC(=O)O)C(=O)O;O=C(O)CCCCCC(O)(C(=O)O)C(=O)CCC(=O)O,O=C(O)CCCCCC(=O)C(O)CCC(=O)O;O=C(O)CCCCCC(O)C(=O)CCC(=O)O
O=C(O)CCC(O)(C(=O)O)C(=O)CC(O)CO;O=C(O)CCC(=O)C(O)(CC(O)CO)C(=O)O,O=C(O)CCC(=O)C(O)CC(O)CO;O=C(O)CCC(O)C(=O)CC(O)CO
O=C(O)CCC(=O)C(O)(C(=O)O)c1ccccc1;O=C(O)CCC(O)(C(=O)O)C(=O)c1ccccc1,O=C(O)CCC(O)C(=O)c1ccccc1;O=C(O)CCC(=O)C(O)c1ccccc1
O=C(O)CCC(O)(C(=O)O)C(=O)c1c[nH]c2ccccc12;O=C(O)CCC(=O)C(O)(C(=O)O)c1c[nH]c2ccccc12,O=C(O)CCC(=O)C(O)c1c[nH]c2ccccc12;O=C(O)CCC(O)C(=O)c1c[nH]c2ccccc12
O=C(O)CCC(=O)C(O)(CC(=O)O)C(=O)O;O=C(O)CCC(O)(C(=O)O)C(=O)CC(=O)O,O=C(O)CCC(=O)C(O)CC(=O)O;O=C(O)CCC(O)C(=O)CC(=O)O
O=C(O)CCC(O)(C(=O)O)C(=O)CO;O=C(O)CCC(=O)C(O)(CO)C(=O)O,O=C(O)CCC(O)C(=O)CO;O=C(O)CCC(=O)C(O)CO
O=C(O)CCC(O)(C(=O)O)C(=O)CS;O=C(O)CCC(=O)C(O)(CS)C(=O)O,O=C(O)CCC(=O)C(O)CS;O=C(O)CCC(O)C(=O)CS
CC(=O)OC1COC(n2cc(C(O)(C(=O)O)C(=O)CCC(=O)O)c3ccccc32)C(OC(C)=O)C1OC(C)=O;CC(=O)OC1COC(n2cc(C(=O)C(O)(CCC(=O)O)C(=O)O)c3ccccc32)C(OC(C)=O)C1OC(C)=O,CC(=O)OC1COC(n2cc(C(=O)C(O)CCC(=O)O)c3ccccc32)C(OC(C)=O)C1OC(C)=O;CC(=O)OC1COC(n2cc(C(O)C(=O)CCC(=O)O)c3ccccc32)C(OC(C)=O)C1OC(C)=O
O=C(O)CCC(O)(C(=O)O)C(=O)CCc1cccs1;O=C(O)CCC(=O)C(O)(CCc1cccs1)C(=O)O,O=C(O)CCC(=O)C(O)CCc1cccs1;O=C(O)CCC(O)C(=O)CCc1cccs1
O=C(O)CCC(O)(C(=O)O)C(=O)Cc1ccc2ccccc2n1;O=C(O)CCC(=O)C(O)(Cc1ccc2ccccc2n1)C(=O)O,O=C(O)CCC(O)C(=O)Cc1ccc2ccccc2n1;O=C(O)CCC(=O)C(O)Cc1ccc2ccccc2n1
CC(C)N(O)C(=O)C(O)(CCC(=O)O)C(=O)O;CC(C)N(O)C(O)(C(=O)O)C(=O)CCC(=O)O,CC(C)N(O)C(O)C(=O)CCC(=O)O;CC(C)N(O)C(=O)C(O)CCC(=O)O
CCOC(=O)c1csc(C(C#N)C(=O)C(O)(CCC(=O)O)C(=O)O)n1;CCOC(=O)c1csc(C(C#N)C(O)(C(=O)O)C(=O)CCC(=O)O)n1,CCOC(=O)c1csc(C(C#N)C(O)C(=O)CCC(=O)O)n1;CCOC(=O)c1csc(C(C#N)C(=O)C(O)CCC(=O)O)n1
O=C(O)CCC(=O)C(O)(NC1(c2ccc(Cl)s2)CCCCC1)C(=O)O;O=C(O)CCC(O)(C(=O)O)C(=O)NC1(c2ccc(Cl)s2)CCCCC1,O=C(O)CCC(=O)C(O)NC1(c2ccc(Cl)s2)CCCCC1;O=C(O)CCC(O)C(=O)NC1(c2ccc(Cl)s2)CCCCC1
O=C(O)CCC(=O)C(O)(Nc1sc2c(c1C(=O)O)CCCC2)C(=O)O;O=C(O)CCC(O)(C(=O)O)C(=O)Nc1sc2c(c1C(=O)O)CCCC2,O=C(O)CCC(O)C(=O)Nc1sc2c(c1C(=O)O)CCCC2;O=C(O)CCC(=O)C(O)Nc1sc2c(c1C(=O)O)CCCC2
CC(=O)C(C)(O)C(=O)O,CC(=O)C(C)O
CC(=O)C(O)(CCCCCC(=O)O)C(=O)O;CC(O)(C(=O)O)C(=O)CCCCCC(=O)O,CC(O)C(=O)CCCCCC(=O)O;CC(=O)C(O)CCCCCC(=O)O
CC(=O)C(O)(CC(O)CO)C(=O)O;CC(O)(C(=O)O)C(=O)CC(O)CO,CC(O)C(=O)CC(O)CO;CC(=O)C(O)CC(O)CO
CC(=O)C(O)(C(=O)O)c1ccccc1;CC(O)(C(=O)O)C(=O)c1ccccc1,CC(=O)C(O)c1ccccc1;CC(O)C(=O)c1ccccc1
CC(=O)C(O)(C(=O)O)c1c[nH]c2ccccc12;CC(O)(C(=O)O)C(=O)c1c[nH]c2ccccc12,CC(=O)C(O)c1c[nH]c2ccccc12;CC(O)C(=O)c1c[nH]c2ccccc12
CC(=O)C(O)(CC(=O)O)C(=O)O;CC(O)(C(=O)O)C(=O)CC(=O)O,CC(O)C(=O)CC(=O)O;CC(=O)C(O)CC(=O)O
CC(O)(C(=O)O)C(=O)CO;CC(=O)C(O)(CO)C(=O)O,CC(=O)C(O)CO;CC(O)C(=O)CO
CC(=O)C(O)(CS)C(=O)O;CC(O)(C(=O)O)C(=O)CS,CC(O)C(=O)CS;CC(=O)C(O)CS
CC(=O)OC1COC(n2cc(C(=O)C(C)(O)C(=O)O)c3ccccc32)C(OC(C)=O)C1OC(C)=O;CC(=O)OC1COC(n2cc(C(O)(C(C)=O)C(=O)O)c3ccccc32)C(OC(C)=O)C1OC(C)=O,CC(=O)OC1COC(n2cc(C(=O)C(C)O)c3ccccc32)C(OC(C)=O)C1OC(C)=O;CC(=O)OC1COC(n2cc(C(O)C(C)=O)c3ccccc32)C(OC(C)=O)C1OC(C)=O
CC(=O)C(O)(CCc1cccs1)C(=O)O;CC(O)(C(=O)O)C(=O)CCc1cccs1,CC(=O)C(O)CCc1cccs1;CC(O)C(=O)CCc1cccs1
CC(O)(C(=O)O)C(=O)Cc1ccc2ccccc2n1;CC(=O)C(O)(Cc1ccc2ccccc2n1)C(=O)O,CC(O)C(=O)Cc1ccc2ccccc2n1;CC(=O)C(O)Cc1ccc2ccccc2n1
CC(C)N(O)C(=O)C(C)(O)C(=O)O;CC(=O)C(O)(C(=O)O)N(O)C(C)C,CC(O)C(=O)N(O)C(C)C;CC(=O)C(O)N(O)C(C)C
CCOC(=O)c1csc(C(C#N)C(=O)C(C)(O)C(=O)O)n1;CCOC(=O)c1csc(C(C#N)C(O)(C(C)=O)C(=O)O)n1,CCOC(=O)c1csc(C(C#N)C(=O)C(C)O)n1;CCOC(=O)c1csc(C(C#N)C(O)C(C)=O)n1
CC(O)(C(=O)O)C(=O)NC1(c2ccc(Cl)s2)CCCCC1;CC(=O)C(O)(NC1(c2ccc(Cl)s2)CCCCC1)C(=O)O,CC(O)C(=O)NC1(c2ccc(Cl)s2)CCCCC1;CC(=O)C(O)NC1(c2ccc(Cl)s2)CCCCC1
CC(=O)C(O)(Nc1sc2c(c1C(=O)O)CCCC2)C(=O)O;CC(O)(C(=O)O)C(=O)Nc1sc2c(c1C(=O)O)CCCC2,CC(=O)C(O)Nc1sc2c(c1C(=O)O)CCCC2;CC(O)C(=O)Nc1sc2c(c1C(=O)O)CCCC2
O=C(O)CCCCCC(=O)C(O)(CCCCCC(=O)O)C(=O)O,O=C(O)CCCCCC(=O)C(O)CCCCCC(=O)O
O=C(O)CCCCCC(=O)C(O)(CC(O)CO)C(=O)O;O=C(O)CCCCCC(O)(C(=O)O)C(=O)CC(O)CO,O=C(O)CCCCCC(=O)C(O)CC(O)CO;O=C(O)CCCCCC(O)C(=O)CC(O)CO
O=C(O)CCCCCC(O)(C(=O)O)C(=O)c1ccccc1;O=C(O)CCCCCC(=O)C(O)(C(=O)O)c1ccccc1,O=C(O)CCCCCC(=O)C(O)c1ccccc1;O=C(O)CCCCCC(O)C(=O)c1ccccc1
O=C(O)CCCCCC(=O)C(O)(C(=O)O)c1c[nH]c2ccccc12;O=C(O)CCCCCC(O)(C(=O)O)C(=O)c1c[nH]c2ccccc12,O=C(O)CCCCCC(O)C(=O)c1c[nH]c2ccccc12;O=C(O)CCCCCC(=O)C(O)c1c[nH]c2ccccc12
O=C(O)CCCCCC(=O)C(O)(CC(=O)O)C(=O)O;O=C(O)CCCCCC(O)(C(=O)O)C(=O)CC(=O)O,O=C(O)CCCCCC(O)C(=O)CC(=O)O;O=C(O)CCCCCC(=O)C(O)CC(=O)O
O=C(O)CCCCCC(=O)C(O)(CO)C(=O)O;O=C(O)CCCCCC(O)(C(=O)O)C(=O)CO,O=C(O)CCCCCC(=O)C(O)CO;O=C(O)CCCCCC(O)C(=O)CO
O=C(O)CCCCCC(=O)C(O)(CS)C(=O)O;O=C(O)CCCCCC(O)(C(=O)O)C(=O)CS,O=C(O)CCCCCC(O)C(=O)CS;O=C(O)CCCCCC(=O)C(O)CS
CC(=O)OC1COC(n2cc(C(O)(C(=O)O)C(=O)CCCCCC(=O)O)c3ccccc32)C(OC(C)=O)C1OC(C)=O;CC(=O)OC1COC(n2cc(C(=O)C(O)(CCCCCC(=O)O)C(=O)O)c3ccccc32)C(OC(C)=O)C1OC(C)=O,CC(=O)OC1COC(n2cc(C(=O)C(O)CCCCCC(=O)O)c3ccccc32)C(OC(C)=O)C1OC(C)=O;CC(=O)OC1COC(n2cc(C(O)C(=O)CCCCCC(=O)O)c3ccccc32)C(OC(C)=O)C1OC(C)=O
O=C(O)CCCCCC(O)(C(=O)O)C(=O)CCc1cccs1;O=C(O)CCCCCC(=O)C(O)(CCc1cccs1)C(=O)O,O=C(O)CCCCCC(O)C(=O)CCc1cccs1;O=C(O)CCCCCC(=O)C(O)CCc1cccs1
O=C(O)CCCCCC(=O)C(O)(Cc1ccc2ccccc2n1)C(=O)O;O=C(O)CCCCCC(O)(C(=O)O)C(=O)Cc1ccc2ccccc2n1,O=C(O)CCCCCC(=O)C(O)Cc1ccc2ccccc2n1;O=C(O)CCCCCC(O)C(=O)Cc1ccc2ccccc2n1
CC(C)N(O)C(O)(C(=O)O)C(=O)CCCCCC(=O)O;CC(C)N(O)C(=O)C(O)(CCCCCC(=O)O)C(=O)O,CC(C)N(O)C(O)C(=O)CCCCCC(=O)O;CC(C)N(O)C(=O)C(O)CCCCCC(=O)O
CCOC(=O)c1csc(C(C#N)C(O)(C(=O)O)C(=O)CCCCCC(=O)O)n1;CCOC(=O)c1csc(C(C#N)C(=O)C(O)(CCCCCC(=O)O)C(=O)O)n1,CCOC(=O)c1csc(C(C#N)C(O)C(=O)CCCCCC(=O)O)n1;CCOC(=O)c1csc(C(C#N)C(=O)C(O)CCCCCC(=O)O)n1
O=C(O)CCCCCC(=O)C(O)(NC1(c2ccc(Cl)s2)CCCCC1)C(=O)O;O=C(O)CCCCCC(O)(C(=O)O)C(=O)NC1(c2ccc(Cl)s2)CCCCC1,O=C(O)CCCCCC(=O)C(O)NC1(c2ccc(Cl)s2)CCCCC1;O=C(O)CCCCCC(O)C(=O)NC1(c2ccc(Cl)s2)CCCCC1
O=C(O)CCCCCC(O)(C(=O)O)C(=O)Nc1sc2c(c1C(=O)O)CCCC2;O=C(O)CCCCCC(=O)C(O)(Nc1sc2c(c1C(=O)O)CCCC2)C(=O)O,O=C(O)CCCCCC(=O)C(O)Nc1sc2c(c1C(=O)O)CCCC2;O=C(O)CCCCCC(O)C(=O)Nc1sc2c(c1C(=O)O)CCCC2
O=C(O)C(O)(CC(O)CO)C(=O)CC(O)CO,O=C(CC(O)CO)C(O)CC(O)CO
O=C(O)C(O)(C(=O)CC(O)CO)c1ccccc1;O=C(O)C(O)(CC(O)CO)C(=O)c1ccccc1,O=C(CC(O)CO)C(O)c1ccccc1;O=C(c1ccccc1)C(O)CC(O)CO
O=C(O)C(O)(C(=O)CC(O)CO)c1c[nH]c2ccccc12;O=C(O)C(O)(CC(O)CO)C(=O)c1c[nH]c2ccccc12,O=C(CC(O)CO)C(O)c1c[nH]c2ccccc12;O=C(c1c[nH]c2ccccc12)C(O)CC(O)CO
O=C(O)CC(O)(C(=O)O)C(=O)CC(O)CO;O=C(O)CC(=O)C(O)(CC(O)CO)C(=O)O,O=C(O)CC(=O)C(O)CC(O)CO;O=C(O)CC(O)C(=O)CC(O)CO
O=C(O)C(O)(CO)C(=O)CC(O)CO;O=C(O)C(O)(CC(O)CO)C(=O)CO,O=C(CC(O)CO)C(O)CO;O=C(CO)C(O)CC(O)CO
O=C(O)C(O)(CS)C(=O)CC(O)CO;O=C(O)C(O)(CC(O)CO)C(=O)CS,O=C(CC(O)CO)C(O)CS;O=C(CS)C(O)CC(O)CO
CC(=O)OC1COC(n2cc(C(O)(C(=O)O)C(=O)CC(O)CO)c3ccccc32)C(OC(C)=O)C1OC(C)=O;CC(=O)OC1COC(n2cc(C(=O)C(O)(CC(O)CO)C(=O)O)c3ccccc32)C(OC(C)=O)C1OC(C)=O,CC(=O)OC1COC(n2cc(C(=O)C(O)CC(O)CO)c3ccccc32)C(OC(C)=O)C1OC(C)=O;CC(=O)OC1COC(n2cc(C(O)C(=O)CC(O)CO)c3ccccc32)C(OC(C)=O)C1OC(C)=O
O=C(O)C(O)(CC(O)CO)C(=O)CCc1cccs1;O=C(O)C(O)(CCc1cccs1)C(=O)CC(O)CO,O=C(CC(O)CO)C(O)CCc1cccs1;O=C(CCc1cccs1)C(O)CC(O)CO
O=C(O)C(O)(Cc1ccc2ccccc2n1)C(=O)CC(O)CO;O=C(O)C(O)(CC(O)CO)C(=O)Cc1ccc2ccccc2n1,O=C(Cc1ccc2ccccc2n1)C(O)CC(O)CO;O=C(CC(O)CO)C(O)Cc1ccc2ccccc2n1
CC(C)N(O)C(O)(C(=O)O)C(=O)CC(O)CO;CC(C)N(O)C(=O)C(O)(CC(O)CO)C(=O)O,CC(C)N(O)C(=O)C(O)CC(O)CO;CC(C)N(O)C(O)C(=O)CC(O)CO
CCOC(=O)c1csc(C(C#N)C(=O)C(O)(CC(O)CO)C(=O)O)n1;CCOC(=O)c1csc(C(C#N)C(O)(C(=O)O)C(=O)CC(O)CO)n1,CCOC(=O)c1csc(C(C#N)C(=O)C(O)CC(O)CO)n1;CCOC(=O)c1csc(C(C#N)C(O)C(=O)CC(O)CO)n1
O=C(O)C(O)(NC1(c2ccc(Cl)s2)CCCCC1)C(=O)CC(O)CO;O=C(O)C(O)(CC(O)CO)C(=O)NC1(c2ccc(Cl)s2)CCCCC1,O=C(CC(O)CO)C(O)NC1(c2ccc(Cl)s2)CCCCC1;O=C(NC1(c2ccc(Cl)s2)CCCCC1)C(O)CC(O)CO
O=C(O)c1c(NC(=O)C(O)(CC(O)CO)C(=O)O)sc2c1CCCC2;O=C(O)c1c(NC(O)(C(=O)O)C(=O)CC(O)CO)sc2c1CCCC2,O=C(O)c1c(NC(O)C(=O)CC(O)CO)sc2c1CCCC2;O=C(O)c1c(NC(=O)C(O)CC(O)CO)sc2c1CCCC2
O=C(O)C(O)(C(=O)c1ccccc1)c1ccccc1,O=C(c1ccccc1)C(O)c1ccccc1
O=C(O)C(O)(C(=O)c1c[nH]c2ccccc12)c1ccccc1;O=C(O)C(O)(C(=O)c1ccccc1)c1c[nH]c2ccccc12,O=C(c1c[nH]c2ccccc12)C(O)c1ccccc1;O=C(c1ccccc1)C(O)c1c[nH]c2ccccc12
O=C(O)CC(=O)C(O)(C(=O)O)c1ccccc1;O=C(O)CC(O)(C(=O)O)C(=O)c1ccccc1,O=C(O)CC(O)C(=O)c1ccccc1;O=C(O)CC(=O)C(O)c1ccccc1
O=C(O)C(O)(C(=O)CO)c1ccccc1;O=C(O)C(O)(CO)C(=O)c1ccccc1,O=C(CO)C(O)c1ccccc1;O=C(c1ccccc1)C(O)CO
O=C(O)C(O)(CS)C(=O)c1ccccc1;O=C(O)C(O)(C(=O)CS)c1ccccc1,O=C(CS)C(O)c1ccccc1;O=C(c1ccccc1)C(O)CS
CC(=O)OC1COC(n2cc(C(O)(C(=O)O)C(=O)c3ccccc3)c3ccccc32)C(OC(C)=O)C1OC(C)=O;CC(=O)OC1COC(n2cc(C(=O)C(O)(C(=O)O)c3ccccc3)c3ccccc32)C(OC(C)=O)C1OC(C)=O,CC(=O)OC1COC(n2cc(C(O)C(=O)c3ccccc3)c3ccccc32)C(OC(C)=O)C1OC(C)=O;CC(=O)OC1COC(n2cc(C(=O)C(O)c3ccccc3)c3ccccc32)C(OC(C)=O)C1OC(C)=O
O=C(O)C(O)(CCc1cccs1)C(=O)c1ccccc1;O=C(O)C(O)(C(=O)CCc1cccs1)c1ccccc1,O=C(c1ccccc1)C(O)CCc1cccs1;O=C(CCc1cccs1)C(O)c1ccccc1
O=C(O)C(O)(C(=O)Cc1ccc2ccccc2n1)c1ccccc1;O=C(O)C(O)(Cc1ccc2ccccc2n1)C(=O)c1ccccc1,O=C(Cc1ccc2ccccc2n1)C(O)c1ccccc1;O=C(c1ccccc1)C(O)Cc1ccc2ccccc2n1
CC(C)N(O)C(=O)C(O)(C(=O)O)c1ccccc1;CC(C)N(O)C(O)(C(=O)O)C(=O)c1ccccc1,CC(C)N(O)C(=O)C(O)c1ccccc1;CC(C)N(O)C(O)C(=O)c1ccccc1
CCOC(=O)c1csc(C(C#N)C(=O)C(O)(C(=O)O)c2ccccc2)n1;CCOC(=O)c1csc(C(C#N)C(O)(C(=O)O)C(=O)c2ccccc2)n1,CCOC(=O)c1csc(C(C#N)C(=O)C(O)c2ccccc2)n1;CCOC(=O)c1csc(C(C#N)C(O)C(=O)c2ccccc2)n1
O=C(O)C(O)(C(=O)NC1(c2ccc(Cl)s2)CCCCC1)c1ccccc1;O=C(O)C(O)(NC1(c2ccc(Cl)s2)CCCCC1)C(=O)c1ccccc1,O=C(c1ccccc1)C(O)NC1(c2ccc(Cl)s2)CCCCC1;O=C(NC1(c2ccc(Cl)s2)CCCCC1)C(O)c1ccccc1
O=C(O)c1c(NC(=O)C(O)(C(=O)O)c2ccccc2)sc2c1CCCC2;O=C(O)c1c(NC(O)(C(=O)O)C(=O)c2ccccc2)sc2c1CCCC2,O=C(O)c1c(NC(O)C(=O)c2ccccc2)sc2c1CCCC2;O=C(O)c1c(NC(=O)C(O)c2ccccc2)sc2c1CCCC2
O=C(O)C(O)(C(=O)c1c[nH]c2ccccc12)c1c[nH]c2ccccc12,O=C(c1c[nH]c2ccccc12)C(O)c1c[nH]c2ccccc12
O=C(O)CC(=O)C(O)(C(=O)O)c1c[nH]c2ccccc12;O=C(O)CC(O)(C(=O)O)C(=O)c1c[nH]c2ccccc12,O=C(O)CC(O)C(=O)c1c[nH]c2ccccc12;O=C(O)CC(=O)C(O)c1c[nH]c2ccccc12
O=C(O)C(O)(CO)C(=O)c1c[nH]c2ccccc12;O=C(O)C(O)(C(=O)CO)c1c[nH]c2ccccc12,O=C(c1c[nH]c2ccccc12)C(O)CO;O=C(CO)C(O)c1c[nH]c2ccccc12
O=C(O)C(O)(CS)C(=O)c1c[nH]c2ccccc12;O=C(O)C(O)(C(=O)CS)c1c[nH]c2ccccc12,O=C(c1c[nH]c2ccccc12)C(O)CS;O=C(CS)C(O)c1c[nH]c2ccccc12
CC(=O)OC1COC(n2cc(C(=O)C(O)(C(=O)O)c3c[nH]c4ccccc34)c3ccccc32)C(OC(C)=O)C1OC(C)=O;CC(=O)OC1COC(n2cc(C(O)(C(=O)O)C(=O)c3c[nH]c4ccccc34)c3ccccc32)C(OC(C)=O)C1OC(C)=O,CC(=O)OC1COC(n2cc(C(=O)C(O)c3c[nH]c4ccccc34)c3ccccc32)C(OC(C)=O)C1OC(C)=O;CC(=O)OC1COC(n2cc(C(O)C(=O)c3c[nH]c4ccccc34)c3ccccc32)C(OC(C)=O)C1OC(C)=O
O=C(O)C(O)(C(=O)CCc1cccs1)c1c[nH]c2ccccc12;O=C(O)C(O)(CCc1cccs1)C(=O)c1c[nH]c2ccccc12,O=C(c1c[nH]c2ccccc12)C(O)CCc1cccs1;O=C(CCc1cccs1)C(O)c1c[nH]c2ccccc12
O=C(O)C(O)(C(=O)Cc1ccc2ccccc2n1)c1c[nH]c2ccccc12;O=C(O)C(O)(Cc1ccc2ccccc2n1)C(=O)c1c[nH]c2ccccc12,O=C(c1c[nH]c2ccccc12)C(O)Cc1ccc2ccccc2n1;O=C(Cc1ccc2ccccc2n1)C(O)c1c[nH]c2ccccc12
CC(C)N(O)C(=O)C(O)(C(=O)O)c1c[nH]c2ccccc12;CC(C)N(O)C(O)(C(=O)O)C(=O)c1c[nH]c2ccccc12,CC(C)N(O)C(O)C(=O)c1c[nH]c2ccccc12;CC(C)N(O)C(=O)C(O)c1c[nH]c2ccccc12
CCOC(=O)c1csc(C(C#N)C(=O)C(O)(C(=O)O)c2c[nH]c3ccccc23)n1;CCOC(=O)c1csc(C(C#N)C(O)(C(=O)O)C(=O)c2c[nH]c3ccccc23)n1,CCOC(=O)c1csc(C(C#N)C(O)C(=O)c2c[nH]c3ccccc23)n1;CCOC(=O)c1csc(C(C#N)C(=O)C(O)c2c[nH]c3ccccc23)n1
O=C(O)C(O)(C(=O)NC1(c2ccc(Cl)s2)CCCCC1)c1c[nH]c2ccccc12;O=C(O)C(O)(NC1(c2ccc(Cl)s2)CCCCC1)C(=O)c1c[nH]c2ccccc12,O=C(c1c[nH]c2ccccc12)C(O)NC1(c2ccc(Cl)s2)CCCCC1;O=C(NC1(c2ccc(Cl)s2)CCCCC1)C(O)c1c[nH]c2ccccc12
O=C(O)c1c(NC(=O)C(O)(C(=O)O)c2c[nH]c3ccccc23)sc2c1CCCC2;O=C(O)c1c(NC(O)(C(=O)O)C(=O)c2c[nH]c3ccccc23)sc2c1CCCC2,O=C(O)c1c(NC(O)C(=O)c2c[nH]c3ccccc23)sc2c1CCCC2;O=C(O)c1c(NC(=O)C(O)c2c[nH]c3ccccc23)sc2c1CCCC2
O=C(O)CC(=O)C(O)(CC(=O)O)C(=O)O,O=C(O)CC(=O)C(O)CC(=O)O
O=C(O)CC(O)(C(=O)O)C(=O)CO;O=C(O)CC(=O)C(O)(CO)C(=O)O,O=C(O)CC(=O)C(O)CO;O=C(O)CC(O)C(=O)CO
O=C(O)CC(O)(C(=O)O)C(=O)CS;O=C(O)CC(=O)C(O)(CS)C(=O)O,O=C(O)CC(=O)C(O)CS;O=C(O)CC(O)C(=O)CS
CC(=O)OC1COC(n2cc(C(O)(C(=O)O)C(=O)CC(=O)O)c3ccccc32)C(OC(C)=O)C1OC(C)=O;CC(=O)OC1COC(n2cc(C(=O)C(O)(CC(=O)O)C(=O)O)c3ccccc32)C(OC(C)=O)C1OC(C)=O,CC(=O)OC1COC(n2cc(C(=O)C(O)CC(=O)O)c3ccccc32)C(OC(C)=O)C1OC(C)=O;CC(=O)OC1COC(n2cc(C(O)C(=O)CC(=O)O)c3ccccc32)C(OC(C)=O)C1OC(C)=O
O=C(O)CC(O)(C(=O)O)C(=O)CCc1cccs1;O=C(O)CC(=O)C(O)(CCc1cccs1)C(=O)O,O=C(O)CC(=O)C(O)CCc1cccs1;O=C(O)CC(O)C(=O)CCc1cccs1
O=C(O)CC(=O)C(O)(Cc1ccc2ccccc2n1)C(=O)O;O=C(O)CC(O)(C(=O)O)C(=O)Cc1ccc2ccccc2n1,O=C(O)CC(O)C(=O)Cc1ccc2ccccc2n1;O=C(O)CC(=O)C(O)Cc1ccc2ccccc2n1
CC(C)N(O)C(O)(C(=O)O)C(=O)CC(=O)O;CC(C)N(O)C(=O)C(O)(CC(=O)O)C(=O)O,CC(C)N(O)C(=O)C(O)CC(=O)O;CC(C)N(O)C(O)C(=O)CC(=O)O
CCOC(=O)c1csc(C(C#N)C(O)(C(=O)O)C(=O)CC(=O)O)n1;CCOC(=O)c1csc(C(C#N)C(=O)C(O)(CC(=O)O)C(=O)O)n1,CCOC(=O)c1csc(C(C#N)C(O)C(=O)CC(=O)O)n1;CCOC(=O)c1csc(C(C#N)C(=O)C(O)CC(=O)O)n1
O=C(O)CC(O)(C(=O)O)C(=O)NC1(c2ccc(Cl)s2)CCCCC1;O=C(O)CC(=O)C(O)(NC1(c2ccc(Cl)s2)CCCCC1)C(=O)O,O=C(O)CC(O)C(=O)NC1(c2ccc(Cl)s2)CCCCC1;O=C(O)CC(=O)C(O)NC1(c2ccc(Cl)s2)CCCCC1
O=C(O)CC(O)(C(=O)O)C(=O)Nc1sc2c(c1C(=O)O)CCCC2;O=C(O)CC(=O)C(O)(Nc1sc2c(c1C(=O)O)CCCC2)C(=O)O,O=C(O)CC(O)C(=O)Nc1sc2c(c1C(=O)O)CCCC2;O=C(O)CC(=O)C(O)Nc1sc2c(c1C(=O)O)CCCC2
O=C(O)C(O)(CO)C(=O)CO,O=C(CO)C(O)CO
O=C(O)C(O)(CO)C(=O)CS;O=C(O)C(O)(CS)C(=O)CO,O=C(CS)C(O)CO;O=C(CO)C(O)CS
CC(=O)OC1COC(n2cc(C(=O)C(O)(CO)C(=O)O)c3ccccc32)C(OC(C)=O)C1OC(C)=O;CC(=O)OC1COC(n2cc(C(O)(C(=O)O)C(=O)CO)c3ccccc32)C(OC(C)=O)C1OC(C)=O,CC(=O)OC1COC(n2cc(C(O)C(=O)CO)c3ccccc32)C(OC(C)=O)C1OC(C)=O;CC(=O)OC1COC(n2cc(C(=O)C(O)CO)c3ccccc32)C(OC(C)=O)C1OC(C)=O
O=C(O)C(O)(CCc1cccs1)C(=O)CO;O=C(O)C(O)(CO)C(=O)CCc1cccs1,O=C(CO)C(O)CCc1cccs1;O=C(CCc1cccs1)C(O)CO
O=C(O)C(O)(CO)C(=O)Cc1ccc2ccccc2n1;O=C(O)C(O)(Cc1ccc2ccccc2n1)C(=O)CO,O=C(Cc1ccc2ccccc2n1)C(O)CO;O=C(CO)C(O)Cc1ccc2ccccc2n1
CC(C)N(O)C(O)(C(=O)O)C(=O)CO;CC(C)N(O)C(=O)C(O)(CO)C(=O)O,CC(C)N(O)C(=O)C(O)CO;CC(C)N(O)C(O)C(=O)CO
CCOC(=O)c1csc(C(C#N)C(=O)C(O)(CO)C(=O)O)n1;CCOC(=O)c1csc(C(C#N)C(O)(C(=O)O)C(=O)CO)n1,CCOC(=O)c1csc(C(C#N)C(=O)C(O)CO)n1;CCOC(=O)c1csc(C(C#N)C(O)C(=O)CO)n1
O=C(O)C(O)(CO)C(=O)NC1(c2ccc(Cl)s2)CCCCC1;O=C(O)C(O)(NC1(c2ccc(Cl)s2)CCCCC1)C(=O)CO,O=C(NC1(c2ccc(Cl)s2)CCCCC1)C(O)CO;O=C(CO)C(O)NC1(c2ccc(Cl)s2)CCCCC1
O=C(O)c1c(NC(=O)C(O)(CO)C(=O)O)sc2c1CCCC2;O=C(O)c1c(NC(O)(C(=O)O)C(=O)CO)sc2c1CCCC2,O=C(O)c1c(NC(O)C(=O)CO)sc2c1CCCC2;O=C(O)c1c(NC(=O)C(O)CO)sc2c1CCCC2
O=C(O)C(O)(CS)C(=O)CS,O=C(CS)C(O)CS
CC(=O)OC1COC(n2cc(C(=O)C(O)(CS)C(=O)O)c3ccccc32)C(OC(C)=O)C1OC(C)=O;CC(=O)OC1COC(n2cc(C(O)(C(=O)O)C(=O)CS)c3ccccc32)C(OC(C)=O)C1OC(C)=O,CC(=O)OC1COC(n2cc(C(=O)C(O)CS)c3ccccc32)C(OC(C)=O)C1OC(C)=O;CC(=O)OC1COC(n2cc(C(O)C(=O)CS)c3ccccc32)C(OC(C)=O)C1OC(C)=O
O=C(O)C(O)(CS)C(=O)CCc1cccs1;O=C(O)C(O)(CCc1cccs1)C(=O)CS,O=C(CCc1cccs1)C(O)CS;O=C(CS)C(O)CCc1cccs1
O=C(O)C(O)(CS)C(=O)Cc1ccc2ccccc2n1;O=C(O)C(O)(Cc1ccc2ccccc2n1)C(=O)CS,O=C(CS)C(O)Cc1ccc2ccccc2n1;O=C(Cc1ccc2ccccc2n1)C(O)CS
CC(C)N(O)C(O)(C(=O)O)C(=O)CS;CC(C)N(O)C(=O)C(O)(CS)C(=O)O,CC(C)N(O)C(O)C(=O)CS;CC(C)N(O)C(=O)C(O)CS
CCOC(=O)c1csc(C(C#N)C(=O)C(O)(CS)C(=O)O)n1;CCOC(=O)c1csc(C(C#N)C(O)(C(=O)O)C(=O)CS)n1,CCOC(=O)c1csc(C(C#N)C(O)C(=O)CS)n1;CCOC(=O)c1csc(C(C#N)C(=O)C(O)CS)n1
O=C(O)C(O)(CS)C(=O)NC1(c2ccc(Cl)s2)CCCCC1;O=C(O)C(O)(NC1(c2ccc(Cl)s2)CCCCC1)C(=O)CS,O=C(CS)C(O)NC1(c2ccc(Cl)s2)CCCCC1;O=C(NC1(c2ccc(Cl)s2)CCCCC1)C(O)CS
O=C(O)c1c(NC(=O)C(O)(CS)C(=O)O)sc2c1CCCC2;O=C(O)c1c(NC(O)(C(=O)O)C(=O)CS)sc2c1CCCC2,O=C(O)c1c(NC(=O)C(O)CS)sc2c1CCCC2;O=C(O)c1c(NC(O)C(=O)CS)sc2c1CCCC2
CC(=O)OC1COC(n2cc(C(=O)C(O)(C(=O)O)c3cn(C4OCC(OC(C)=O)C(OC(C)=O)C4OC(C)=O)c4ccccc34)c3ccccc32)C(OC(C)=O)C1OC(C)=O,CC(=O)OC1COC(n2cc(C(=O)C(O)c3cn(C4OCC(OC(C)=O)C(OC(C)=O)C4OC(C)=O)c4ccccc34)c3ccccc32)C(OC(C)=O)C1OC(C)=O
CC(=O)OC1COC(n2cc(C(=O)C(O)(CCc3cccs3)C(=O)O)c3ccccc32)C(OC(C)=O)C1OC(C)=O;CC(=O)OC1COC(n2cc(C(O)(C(=O)O)C(=O)CCc3cccs3)c3ccccc32)C(OC(C)=O)C1OC(C)=O,CC(=O)OC1COC(n2cc(C(=O)C(O)CCc3cccs3)c3ccccc32)C(OC(C)=O)C1OC(C)=O;CC(=O)OC1COC(n2cc(C(O)C(=O)CCc3cccs3)c3ccccc32)C(OC(C)=O)C1OC(C)=O
CC(=O)OC1COC(n2cc(C(O)(C(=O)O)C(=O)Cc3ccc4ccccc4n3)c3ccccc32)C(OC(C)=O)C1OC(C)=O;CC(=O)OC1COC(n2cc(C(=O)C(O)(Cc3ccc4ccccc4n3)C(=O)O)c3ccccc32)C(OC(C)=O)C1OC(C)=O,CC(=O)OC1COC(n2cc(C(=O)C(O)Cc3ccc4ccccc4n3)c3ccccc32)C(OC(C)=O)C1OC(C)=O;CC(=O)OC1COC(n2cc(C(O)C(=O)Cc3ccc4ccccc4n3)c3ccccc32)C(OC(C)=O)C1OC(C)=O
CC(=O)OC1COC(n2cc(C(O)(C(=O)O)C(=O)N(O)C(C)C)c3ccccc32)C(OC(C)=O)C1OC(C)=O;CC(=O)OC1COC(n2cc(C(=O)C(O)(C(=O)O)N(O)C(C)C)c3ccccc32)C(OC(C)=O)C1OC(C)=O,CC(=O)OC1COC(n2cc(C(=O)C(O)N(O)C(C)C)c3ccccc32)C(OC(C)=O)C1OC(C)=O;CC(=O)OC1COC(n2cc(C(O)C(=O)N(O)C(C)C)c3ccccc32)C(OC(C)=O)C1OC(C)=O
CCOC(=O)c1csc(C(C#N)C(O)(C(=O)O)C(=O)c2cn(C3OCC(OC(C)=O)C(OC(C)=O)C3OC(C)=O)c3ccccc23)n1;CCOC(=O)c1csc(C(C#N)C(=O)C(O)(C(=O)O)c2cn(C3OCC(OC(C)=O)C(OC(C)=O)C3OC(C)=O)c3ccccc23)n1,CCOC(=O)c1csc(C(C#N)C(O)C(=O)c2cn(C3OCC(OC(C)=O)C(OC(C)=O)C3OC(C)=O)c3ccccc23)n1;CCOC(=O)c1csc(C(C#N)C(=O)C(O)c2cn(C3OCC(OC(C)=O)C(OC(C)=O)C3OC(C)=O)c3ccccc23)n1
CC(=O)OC1COC(n2cc(C(=O)C(O)(NC3(c4ccc(Cl)s4)CCCCC3)C(=O)O)c3ccccc32)C(OC(C)=O)C1OC(C)=O;CC(=O)OC1COC(n2cc(C(O)(C(=O)O)C(=O)NC3(c4ccc(Cl)s4)CCCCC3)c3ccccc32)C(OC(C)=O)C1OC(C)=O,CC(=O)OC1COC(n2cc(C(O)C(=O)NC3(c4ccc(Cl)s4)CCCCC3)c3ccccc32)C(OC(C)=O)C1OC(C)=O;CC(=O)OC1COC(n2cc(C(=O)C(O)NC3(c4ccc(Cl)s4)CCCCC3)c3ccccc32)C(OC(C)=O)C1OC(C)=O
CC(=O)OC1COC(n2cc(C(O)(C(=O)O)C(=O)Nc3sc4c(c3C(=O)O)CCCC4)c3ccccc32)C(OC(C)=O)C1OC(C)=O;CC(=O)OC1COC(n2cc(C(=O)C(O)(Nc3sc4c(c3C(=O)O)CCCC4)C(=O)O)c3ccccc32)C(OC(C)=O)C1OC(C)=O,CC(=O)OC1COC(n2cc(C(=O)C(O)Nc3sc4c(c3C(=O)O)CCCC4)c3ccccc32)C(OC(C)=O)C1OC(C)=O;CC(=O)OC1COC(n2cc(C(O)C(=O)Nc3sc4c(c3C(=O)O)CCCC4)c3ccccc32)C(OC(C)=O)C1OC(C)=O
O=C(O)C(O)(CCc1cccs1)C(=O)CCc1cccs1,O=C(CCc1cccs1)C(O)CCc1cccs1
O=C(O)C(O)(CCc1cccs1)C(=O)Cc1ccc2ccccc2n1;O=C(O)C(O)(Cc1ccc2ccccc2n1)C(=O)CCc1cccs1,O=C(CCc1cccs1)C(O)Cc1ccc2ccccc2n1;O=C(Cc1ccc2ccccc2n1)C(O)CCc1cccs1
CC(C)N(O)C(O)(C(=O)O)C(=O)CCc1cccs1;CC(C)N(O)C(=O)C(O)(CCc1cccs1)C(=O)O,CC(C)N(O)C(=O)C(O)CCc1cccs1;CC(C)N(O)C(O)C(=O)CCc1cccs1
CCOC(=O)c1csc(C(C#N)C(=O)C(O)(CCc2cccs2)C(=O)O)n1;CCOC(=O)c1csc(C(C#N)C(O)(C(=O)O)C(=O)CCc2cccs2)n1,CCOC(=O)c1csc(C(C#N)C(O)C(=O)CCc2cccs2)n1;CCOC(=O)c1csc(C(C#N)C(=O)C(O)CCc2cccs2)n1
O=C(O)C(O)(NC1(c2ccc(Cl)s2)CCCCC1)C(=O)CCc1cccs1;O=C(O)C(O)(CCc1cccs1)C(=O)NC1(c2ccc(Cl)s2)CCCCC1,O=C(NC1(c2ccc(Cl)s2)CCCCC1)C(O)CCc1cccs1;O=C(CCc1cccs1)C(O)NC1(c2ccc(Cl)s2)CCCCC1
O=C(O)c1c(NC(O)(C(=O)O)C(=O)CCc2cccs2)sc2c1CCCC2;O=C(O)c1c(NC(=O)C(O)(CCc2cccs2)C(=O)O)sc2c1CCCC2,O=C(O)c1c(NC(=O)C(O)CCc2cccs2)sc2c1CCCC2;O=C(O)c1c(NC(O)C(=O)CCc2cccs2)sc2c1CCCC2
O=C(O)C(O)(Cc1ccc2ccccc2n1)C(=O)Cc1ccc2ccccc2n1,O=C(Cc1ccc2ccccc2n1)C(O)Cc1ccc2ccccc2n1
CC(C)N(O)C(O)(C(=O)O)C(=O)Cc1ccc2ccccc2n1;CC(C)N(O)C(=O)C(O)(Cc1ccc2ccccc2n1)C(=O)O,CC(C)N(O)C(O)C(=O)Cc1ccc2ccccc2n1;CC(C)N(O)C(=O)C(O)Cc1ccc2ccccc2n1
CCOC(=O)c1csc(C(C#N)C(O)(C(=O)O)C(=O)Cc2ccc3ccccc3n2)n1;CCOC(=O)c1csc(C(C#N)C(=O)C(O)(Cc2ccc3ccccc3n2)C(=O)O)n1,CCOC(=O)c1csc(C(C#N)C(O)C(=O)Cc2ccc3ccccc3n2)n1;CCOC(=O)c1csc(C(C#N)C(=O)C(O)Cc2ccc3ccccc3n2)n1
O=C(O)C(O)(Cc1ccc2ccccc2n1)C(=O)NC1(c2ccc(Cl)s2)CCCCC1;O=C(O)C(O)(NC1(c2ccc(Cl)s2)CCCCC1)C(=O)Cc1ccc2ccccc2n1,O=C(NC1(c2ccc(Cl)s2)CCCCC1)C(O)Cc1ccc2ccccc2n1;O=C(Cc1ccc2ccccc2n1)C(O)NC1(c2ccc(Cl)s2)CCCCC1
O=C(O)c1c(NC(O)(C(=O)O)C(=O)Cc2ccc3ccccc3n2)sc2c1CCCC2;O=C(O)c1c(NC(=O)C(O)(Cc2ccc3ccccc3n2)C(=O)O)sc2c1CCCC2,O=C(O)c1c(NC(=O)C(O)Cc2ccc3ccccc3n2)sc2c1CCCC2;O=C(O)c1c(NC(O)C(=O)Cc2ccc3ccccc3n2)sc2c1CCCC2
CC(C)N(O)C(=O)C(O)(C(=O)O)N(O)C(C)C,CC(C)N(O)C(=O)C(O)N(O)C(C)C
CCOC(=O)c1csc(C(C#N)C(=O)C(O)(C(=O)O)N(O)C(C)C)n1;CCOC(=O)c1csc(C(C#N)C(O)(C(=O)O)C(=O)N(O)C(C)C)n1,CCOC(=O)c1csc(C(C#N)C(O)C(=O)N(O)C(C)C)n1;CCOC(=O)c1csc(C(C#N)C(=O)C(O)N(O)C(C)C)n1
CC(C)N(O)C(O)(C(=O)O)C(=O)NC1(c2ccc(Cl)s2)CCCCC1;CC(C)N(O)C(=O)C(O)(NC1(c2ccc(Cl)s2)CCCCC1)C(=O)O,CC(C)N(O)C(O)C(=O)NC1(c2ccc(Cl)s2)CCCCC1;CC(C)N(O)C(=O)C(O)NC1(c2ccc(Cl)s2)CCCCC1
CC(C)N(O)C(O)(C(=O)O)C(=O)Nc1sc2c(c1C(=O)O)CCCC2;CC(C)N(O)C(=O)C(O)(Nc1sc2c(c1C(=O)O)CCCC2)C(=O)O,CC(C)N(O)C(=O)C(O)Nc1sc2c(c1C(=O)O)CCCC2;CC(C)N(O)C(O)C(=O)Nc1sc2c(c1C(=O)O)CCCC2
CCOC(=O)c1csc(C(C#N)C(=O)C(O)(C(=O)O)C(C#N)c2nc(C(=O)OCC)cs2)n1,CCOC(=O)c1csc(C(C#N)C(=O)C(O)C(C#N)c2nc(C(=O)OCC)cs2)n1
CCOC(=O)c1csc(C(C#N)C(=O)C(O)(NC2(c3ccc(Cl)s3)CCCCC2)C(=O)O)n1;CCOC(=O)c1csc(C(C#N)C(O)(C(=O)O)C(=O)NC2(c3ccc(Cl)s3)CCCCC2)n1,CCOC(=O)c1csc(C(C#N)C(=O)C(O)NC2(c3ccc(Cl)s3)CCCCC2)n1;CCOC(=O)c1csc(C(C#N)C(O)C(=O)NC2(c3ccc(Cl)s3)CCCCC2)n1
CCOC(=O)c1csc(C(C#N)C(=O)C(O)(Nc2sc3c(c2C(=O)O)CCCC3)C(=O)O)n1;CCOC(=O)c1csc(C(C#N)C(O)(C(=O)O)C(=O)Nc2sc3c(c2C(=O)O)CCCC3)n1,CCOC(=O)c1csc(C(C#N)C(=O)C(O)Nc2sc3c(c2C(=O)O)CCCC3)n1;CCOC(=O)c1csc(C(C#N)C(O)C(=O)Nc2sc3c(c2C(=O)O)CCCC3)n1
O=C(O)C(O)(NC1(c2ccc(Cl)s2)CCCCC1)C(=O)NC1(c2ccc(Cl)s2)CCCCC1,O=C(NC1(c2ccc(Cl)s2)CCCCC1)C(O)NC1(c2ccc(Cl)s2)CCCCC1
O=C(O)c1c(NC(=O)C(O)(NC2(c3ccc(Cl)s3)CCCCC2)C(=O)O)sc2c1CCCC2;O=C(O)c1c(NC(O)(C(=O)O)C(=O)NC2(c3ccc(Cl)s3)CCCCC2)sc2c1CCCC2,O=C(O)c1c(NC(O)C(=O)NC2(c3ccc(Cl)s3)CCCCC2)sc2c1CCCC2;O=C(O)c1c(NC(=O)C(O)NC2(c3ccc(Cl)s3)CCCCC2)sc2c1CCCC2
O=C(O)c1c(NC(=O)C(O)(Nc2sc3c(c2C(=O)O)CCCC3)C(=O)O)sc2c1CCCC2,O=C(O)c1c(NC(=O)C(O)Nc2sc3c(c2C(=O)O)CCCC3)sc2c1CCCC2